,inputs.city,inputs.country,inputs.post_code,inputs.post_code_plus4,inputs.postcode,inputs.safety_flag,inputs.state,inputs.street,attom_expanded_profile_report.row_id,attom_expanded_profile_report.client_id,attom_expanded_profile_report.attom_id,attom_expanded_profile_report.error
0,Lakeland,US,33812,5237,33812-5237,False,FL,3160 Otto Dr,0,,162278089,
1,Indianapolis,US,46227,,46227,False,IN,940 Tulip Dr,1,,28461481,
2,Troutville,US,24175,6054,24175-6054,False,VA,68 Rocky Top Rd,2,,214628965,
3,West Jefferson,US,43162,,43162,False,OH,3330 Taylor Blair Rd,3,,246515148,
4,Orange Park,US,32065,,32065,False,FL,4254 Eagle Landing Parkway,4,,164680663,
5,Chestnut Hill,US,2467,,2467,False,MA,140 commonwealth avenue,5,,202686834,
6,sartell,US,56377,,56377,False,MN,1644 pebble creek drive,6,,212775496,
7,Trevor,US,53179,,53179,False,WI,29004 112th Pl,7,,53200641,
8,Newton,US,28658,,28658,False,NC,3649 North Olivers Cross Road,8,,176723099,
9,Englewood,US,80110,,80110,False,CO,3031 S Cherokee St,9,,146962509,
10,Fairfield,US,94533,6834,94533-6834,False,CA,2385 Burgundy Way,10,,156023420,
11,Duluth,US,55811,9729,55811-9729,False,MN,5956 Sunny Ln,11,,141071148,
12,Rego Park,US,11374,2213,11374-2213,False,NY,9725 64th Ave,12,,169759254,
13,Laconia,US,3246,2701,03246-2701,False,NH,16 Belknap St,13,,155173818,
14,Miami,US,33143,7790,33143-7790,False,FL,8215 SW 72nd Ave,14,,26311336,
15,Temecula,US,92591,4633,92591-4633,False,CA,27475 Ynez Rd Ste 726,15,,,
16,Kissimmee,US,34743,6038,34743-6038,False,FL,2633 Walden Ct,16,,17572120,
17,Durham,US,27703,8957,27703-8957,False,NC,322 Westgrove Ct,17,,203959324,
18,Martinez,US,94553,4964,94553-4964,False,CA,70 Fountainhead Ct,18,,18550459,
19,Long Beach,US,90808,2735,90808-2735,False,CA,3418 Woodruff Ave,19,,154870059,
20,Homestead,US,33033,7089,33033-7089,False,FL,355 NE 30th Ave,20,,16689425,
21,Buena Park,US,90620,2111,90620-2111,False,CA,8098 Carnation Dr,21,,22645852,
22,Norwalk,US,6854,1548,06854-1548,False,CT,9 Ferris Ave,22,,198700455,
23,La Puente,US,91744,1743,91744-1743,False,CA,14472 Rath St,23,,40351371,
24,Severna Park,US,21146,1731,21146-1731,False,MD,507 Benforest Dr,24,,145546539,
25,Loveland,US,45140,,45140,False,OH,10066 Ohio 48,25,,,
26,Hackettstown,US,7840,5698,07840-5698,False,NJ,254 Winding Hill Dr,26,,196012255,
27,Lexington,US,40507,,40507,False,KY,120 East Main Street,27,,210516099,
28,North Hollywood,US,91605,3018,91605-3018,False,CA,12357 Doran Pl,28,,148885304,
29,Lake Forest Park,US,98155,2467,98155-2467,False,WA,19230 Forest Park Dr NE Apt H126,29,,185797270,
30,Burlington,US,52601,5913,52601-5913,False,IA,1005 S 10th St,30,,31318259,
31,South Point,US,45680,,45680,False,OH,114 Private Road 2482,31,,183250596,
32,Chetek,US,54728,,54728,False,WI,933 28th St,32,,,
33,FORT COLLINS,US,80525,,80525,False,CO,6951 Aruba Ln,33,,14345795,
34,Perris,US,92571,,92571,False,CA,375 E Ramona Expressway,34,,157164321,
35,Fort Lauderdale,US,33309,,33309,True,FL,3723 Pacific Breeze Circle,35,,,
36,New Orleans,US,70131,,70131,False,LA,5000 Woodland Dr,36,,193182543,
37,oakland,US,94603,,94603,False,CA,1939 109th ave,37,,24152151,
38,Crestview,US,32536,,32536,False,FL,2481 Bell Ridge Dr,38,,54821944,
39,brooklyn,US,11211,,11211,False,NY,170 north 5th st,39,,151216922,
40,Lawrenceville,US,30043,,30043,False,GA,1670 Granville Court,40,,153620462,
41,Alpharetta,US,30009,,30009,False,GA,993 Dassow Ct,41,,312243606,
42,Naperville,US,60565,6739,60565-6739,False,IL,1718 Beloit Dr,42,,49767243,
43,Oakley,US,94561,5229,94561-5229,False,CA,58 Grand Canyon Cir,43,,10171757,
44,Middle River,US,21220,4604,21220-4604,False,MD,43 Blister St,44,,187017677,
45,Bristol,US,24202,2773,24202-2773,False,VA,22219 Jewell Dr,45,,211821027,
46,Bloomfield,US,6002,,6002,False,CT,30 Liberty Sq,46,,,
47,Katy,US,77449,2145,77449-2145,False,TX,3711 Bright Moon Ct,47,,326535925,
48,Wickliffe,US,44092,,44092,False,OH,1017 Worden Road,48,,183182672,
49,Sidney,US,45365,3465,45365-3465,False,OH,1231 Maple Leaf Ct,49,,41100173,
50,Berwyn,US,60402,2779,60402-2779,False,IL,2703 Clarence Ave,50,,23074478,
51,Houston,US,77039,6135,77039-6135,False,TX,11822 Varnell St,51,,165824804,
52,St. Augustine,US,32080,,32080,False,FL,268 Ocean Cay Boulevard,52,,252322208,
53,Chicago,US,60615,2374,60615-2374,False,IL,4950 S King Dr Apt 3E,53,,140885379,
54,Sanger,US,93657,,93657,True,CA,849 sequoia ave,54,,150243646,
55,Buckeye,US,85396,7241,85396-7241,False,AZ,25982 W Potter Dr,55,,152483391,
56,Cedar Rapids,US,52405,,52405,False,IA,4627 1st Avenue SW,56,,5018590,
57,Montclair,US,91763,,91763,False,CA,4948 olive street,57,,239949082,
58,Wynantskill,US,12198,,12198,False,NY,323 Peck Road,58,,170476863,
59,Hopewell Junction,US,12533,,12533,True,NY,50 Oak Dr,59,,144965966,
60,Somerville,US,2145,4123,02145-4123,False,MA,53 Flint St,60,,53179823,
61,Maynard,US,1754,2119,01754-2119,False,MA,113 Parker St,61,,193418019,
62,Del rio,US,78840,,78840,False,TX,111 kingsway,62,,235586614,
63,Cactus,US,79013,,79013,True,TX,710 Ashton,63,,238993268,
64,Adelanto,US,92301,,92301,False,CA,11081 Fuchsia ct,64,,246260153,
65,Hialeah,US,33015,4567,33015-4567,False,FL,6290 NW 173rd St,65,,162849094,
66,Lubbock,US,79423,3843,79423-3843,False,TX,3404 97th St,66,,167660944,
67,Georgetown,US,19947,2316,19947-2316,False,DE,308 N Margaret St,67,,30906378,
68,Castro Valley,US,94546,3824,94546-3824,False,CA,17474 Ehle St,68,,35009955,
69,Seattle,US,98107,,98107,False,WA,1501 NW 56th St,69,,,
70,Dallas,US,75211,,75211,False,TX,1804 Uruapan Plz,70,,41567103,
71,Dallas,US,75235,,75235,False,TX,3301 Hudnall St Apt 3301,71,,167325990,
72,Plymouth,US,48170,,48170,False,MI,11705 Sycamore Dr,72,,246235498,
73,Kimball,US,55353,2739,55353-2739,True,MN,12420 County Road 150,73,,212532697,
74,Lowell,US,46356,,46356,False,IN,17517 Merlin Drive,74,,31442893,
75,Houston,US,77083,1423,77083-1423,True,TX,6222 Ladera Dr,75,,41618418,
76,Briarwood,US,11435,2590,11435-2590,False,NY,14168 85th Rd Apt 6B,76,,,
77,PORT CHARLOTTE,US,33954,,33954,False,FL,23509 NELSON AVE,77,,146101137,
78,Providence,US,2903,,2903,False,RI,131 Washington Street,78,,,
79,Champaign,US,61821,2625,61821-2625,False,IL,1202 W Washington St,79,,25850551,
80,Cumberland,US,2864,1814,02864-1814,False,RI,4040 Mendon Rd,80,,194846354,
81,Daly City,US,94015,3704,94015-3704,False,CA,780 Beechwood Dr,81,,155927206,
82,Houston,US,77090,6739,77090-6739,False,TX,150 Dominion Park Dr Apt 908,82,,,
83,Orland Hills,US,60487,7215,60487-7215,False,IL,8840 Hickory Dr,83,,100024042,
84,Staten Island,US,10310,1219,10310-1219,False,NY,39 Dongan St,84,,46791848,
85,Eugene,US,97404,,97404,False,OR,1570 Alderwood Street,85,,195561920,
86,Bloomfield,US,7003,5001,07003-5001,False,NJ,397 Berkeley Ave,86,,50475166,
87,Gamaliel,US,72537,9513,72537-9513,False,AR,3762 Highway 101,87,,,
88,Honolulu,US,96825,2652,96825-2652,False,HI,1145 Wainiha St,88,,192634951,
89,Parker,US,80134,3357,80134-3357,False,CO,9611 Keystone Trl,89,,320460134,
90,Bayonne,US,7002,2125,07002-2125,False,NJ,10 Bergen Ct,90,,,
91,Midland,US,79703,6416,79703-6416,False,TX,3812 Cedar Spring Dr,91,,34483192,
92,Glendale Heights,US,60139,,60139,False,IL,24 Oriole Ln,92,,174629539,
93,Somerset,US,2726,4718,02726-4718,False,MA,55 Forestdale Dr,93,,8490749,
94,Fairfield,US,17320,,17320,False,PA,48 Crossland Trail,94,,213999376,
95,Swartz Creek,US,48473,9728,48473-9728,False,MI,2064 S Elms Rd,95,,151938102,
96,Myrtle Beach,US,29588,,29588,False,SC,315 Saint Andrews Lane,96,,192694848,
97,Houston,US,77048,4162,77048-4162,False,TX,12802 Rockford Dr,97,,993423,
98,Wadsworth,US,44281,8648,44281-8648,False,OH,10397 Golden Ridge Dr,98,,52642749,
99,San Antonio,US,78213,,78213,False,TX,1332 Grey Oak Dr,99,,167302284,
100,Rancho Cucamonga,US,91730,3132,91730-3132,False,CA,8279 Tapia Via Dr,100,,16858038,
101,Oxon Hill,US,20745,1114,20745-1114,False,MD,733 Shelby Dr,101,,18324821,
102,Rockford,US,61108,8023,61108-8023,False,IL,2125 Wentworth Ave,102,,,
103,Marysville,US,98271,8374,98271-8374,False,WA,11727 47th Ave NE Unit A,103,,185503193,
104,Beach Park,US,60087,,60087,False,IL,37541 N. North Ave.,104,,176173159,
105,Old Greenwich,US,6870,,6870,False,CT,15 Shore Road,105,,190693743,
106,Bronx,US,10454,3118,10454-3118,False,NY,600 E 137th St,106,,,
107,Gilbert,US,85234,7627,85234-7627,False,AZ,4343 E Princeton Ave,107,,158882909,
108,Berkeley,US,94704,2260,94704-2260,False,CA,2425 Channing Way,108,,,
109,Lindenhurst,US,11757,,11757,False,NY,79 East Seacrest Avenue,109,,170554585,
110,Alexandria,US,22304,,22304,False,VA,250 S Whiting St,110,,148136327,
111,Coushatta,US,71019,,71019,True,LA,5296 Highway 507,111,,,
112,Danielson,US,6239,1918,06239-1918,False,CT,154 Mechanic St,112,,3015659,
113,Murrieta,US,92562,,92562,False,CA,24312 Via Las Junitas,113,,21360372,
114,Socorro,US,79927,3819,79927-3819,False,TX,10743 Gail Pl,114,,7595814,
115,Harvey,US,70058,4915,70058-4915,False,LA,1886 Otis St,115,,146294869,
116,Auburn,US,36832,,36832,False,AL,1985 Lee rd 137 Apt A,116,,,
117,Manchester,US,37355,3525,37355-3525,False,TN,2149 Woodbury Hwy,117,,54079445,
118,Richmond,US,23223,1500,23223-1500,False,VA,2916 Sandy Grove Ct,118,,34623137,
119,Berry,US,35546,2449,35546-2449,False,AL,655 Barrie Ln,119,,,
120,Akron,US,44313,5314,44313-5314,False,OH,2004 Thornhill Dr,120,,29895554,
121,San Jose,US,95122,1153,95122-1153,False,CA,2534 Greenstone Ct,121,,19548270,
122,Malden,US,2148,,2148,False,MA,180 Kennedy Dr. Apt 511,122,,193405412,
123,Takoma Park,US,20912,,20912,False,MD,7736 Maple Ave,123,,,
124,Spring,US,77380,1208,77380-1208,False,TX,3202 Gary Ln,124,,17332121,
125,Houston,US,77082,5659,77082-5659,False,TX,3707 Shadow Wick Ln,125,,50717624,
126,Silver Spring,US,20901,1443,20901-1443,False,MD,710 Burnt Mills Ave,126,,50153027,
127,Selden,US,11784,1323,11784-1323,False,NY,354 Magnolia Dr,127,,2396433,
128,Charlotte,US,28216,3186,28216-3186,True,NC,415 Ferrell Ave,128,,31236220,
129,Laramie,US,82070,,82070,False,WY,11 Sara Ct.,129,,,
130,Strasburg,US,22657,3610,22657-3610,False,VA,447 Little Sorrel Dr,130,,23881656,
131,Goodyear,US,85338,7343,85338-7343,False,AZ,16739 W Yavapai St,131,,16920902,
132,Prattville,US,36067,4443,36067-4443,False,AL,506 Harrison Rd,132,,,
133,Denison,US,75020,3535,75020-3535,False,TX,114 S Imperial Dr,133,,165561137,
134,montgomery village,US,20886,,20886,False,MD,20331 gentle way,134,,29543912,
135,Brighton,US,48114,,48114,False,MI,8252 Woodland Shore Drive,135,,31627171,
136,Hartford,US,42347,1841,42347-1841,False,KY,203 Carlisle Rd,136,,,
137,Snellville,US,30078,,30078,False,GA,2443 Folsom Street,137,,151177823,
138,Conyers,US,30094,5817,30094-5817,False,GA,1702 Lancaster Creek Cir SW,138,,171881844,
139,Broomall,US,19008,,19008,False,PA,126 Sylvan Drive,139,,147994076,
140,brownsville,US,78520,,78520,False,TX,1006 grey fox cir,140,,166444261,
141,Denver,US,80229,5918,80229-5918,False,CO,811 Downing Way,141,,2940258,
142,New Braunfels,US,78130,4451,78130-4451,False,TX,1062 Calm Breeze,142,,249481241,
143,Palmyra,US,22963,2808,22963-2808,False,VA,433 Jefferson Dr,143,,213210240,
144,Baytown,US,77521,,77521,False,TX,5306 Fairtide Drive,144,,41719682,
145,Las Vegas,US,89103,,89103,True,NV,4320 Gannet Cir apt 113,145,,45576259,
146,Niles,US,60714,,60714,False,IL,7131 N Riverside Dr,146,,150478386,
147,Sugarloaf,US,18249,3623,18249-3623,False,PA,34 Prospect Rd,147,,179695902,
148,Brazil,US,47834,7919,47834-7919,False,IN,1007 W Deer Creek Dr,148,,214914322,
149,Katy,US,77449,6168,77449-6168,False,TX,19811 Arbor Creek Dr,149,,44584830,
150,Eastvale,US,92880,,92880,False,CA,14903 Bridal Trail Circle,150,,147328202,
151,Placentia,US,92870,2410,92870-2410,True,CA,1713 Canard Ave,151,,21998915,
152,Gurnee,US,60031,1532,60031-1532,False,IL,18361 W Woodland Ter,152,,175575180,
153,Overton,US,68863,5805,68863-5805,False,NE,74741 E Rd,153,,,
154,Harvard,US,60033,,60033,False,IL,7809 Commercial St,154,,145202173,
155,Jb Andrews,US,20762,5496,20762-5496,False,MD,2026 Bedford Dr,155,,,
156,Port Chester,US,10573,,10573,True,NY,52 riverdale ave,156,,53532835,
157,Murrieta,US,92562,6052,92562-6052,True,CA,23734 Morning Glory Dr,157,,46166216,
158,Galloway,US,43119,,43119,False,OH,956 Drayson Dr,158,,27315344,
159,Fort Worth,US,76106,7105,76106-7105,False,TX,2825 Ellis Ave,159,,166125633,
160,Aurora,US,60505,,60505,False,IL,930 Autumn Lane,160,,7587864,
161,Garnerville,US,10923,,10923,False,NY,23 Stanley Rd.,161,,4293474,
162,Fontana,US,92335,5416,92335-5416,False,CA,15884 Grevillea St,162,,20308622,
163,Oxford,US,48371,4974,48371-4974,False,MI,96 S Washington St,163,,146940030,
164,Chicago,US,60630,,60630,False,IL,4451 N Kilbourn Ave,164,,175158736,
165,Addis,US,70710,3043,70710-3043,False,LA,4108 Olivia Dr,165,,,
166,San Antonio,US,78218,4223,78218-4223,False,TX,203 Grantham Dr,166,,36526635,
167,Wilmington,US,90744,3165,90744-3165,False,CA,1155 Ravenna Ave,167,,,
168,Sacramento,US,95823,4920,95823-4920,False,CA,6800 Wyndham Dr Apt T1,168,,,
169,Arcadia,US,91007,7326,91007-7326,False,CA,515 W Duarte Rd,169,,154804379,
170,Far Rockaway,US,11691,,11691,False,NY,2944 Beach Channel Drive,170,,,
171,El Paso,US,79925,,79925,False,TX,6101 Gateway West Blvd Apt 207,171,,166850349,
172,Sugar Land,US,77479,5488,77479-5488,False,TX,2506 Stonebury Ln,172,,2585380,
173,Stone Mountain,US,30087,2960,30087-2960,False,GA,1054 Hodges Way,173,,46958526,
174,Wyckoff,US,7481,,7481,False,NJ,585 Eder ave,174,,17543627,
175,New Albany,US,47150,2000,47150-2000,False,IN,117 McConnell Dr,175,,233721221,
176,League City,US,77573,,77573,False,TX,4501 Weathersfield Ct.,176,,36370768,
177,Elk Grove,US,95757,1669,95757-1669,False,CA,10424 Siltstone Way,177,,216291259,
178,Kew Gardens,US,11415,,11415,False,NY,85-18 125th Street,178,,141370314,
179,Denver,US,80203,,80203,False,CO,1435 N pearl St,179,,13832632,
180,Valley Stream,US,11580,,11580,False,NY,62 Stephen Place,180,,142775286,
181,Modesto,US,95354,3837,95354-3837,False,CA,405 S Conejo Ave,181,,19429221,
182,RIVERBANK,US,95367,,95367,False,CA,3960 SWEEPSTAKES DR,182,,21764060,
183,Henderson,US,89074,,89074,False,NV,1158 Teal point dr.,183,,10705746,
184,Saint Petersburg,US,33703,4520,33703-4520,False,FL,950 39th Ave N,184,,161652390,
185,Charlestown,US,3603,4226,03603-4226,False,NH,60 Windy Acres Rd,185,,246979523,
186,La Grange,US,28551,6708,28551-6708,False,NC,3725 Sandy Ridge Farm Rd,186,,248364236,
187,Belgrade,US,59715,,59715,False,MT,401 bridger view,187,,218019647,
188,Kirbyville,US,75956,4245,75956-4245,False,TX,1821 County Road 474,188,,,
189,Sunrise,US,33323,,33323,False,FL,11901 NW 42nd ST,189,,159863695,
190,Richmond,US,77406,9673,77406-9673,False,TX,1800 Pecan Lake Dr,190,,165760720,
191,Smyrna,US,19977,,19977,False,DE,374 India Drive,191,,9906605,
192,Marietta,US,30008,3269,30008-3269,False,GA,543 Picketts Bend Cir,192,,10715313,
193,Greensboro,US,27408,,27408,False,NC,1809 Colonial Ave,193,,2227330,
194,Deltona,US,32738,9092,32738-9092,False,FL,642 Vardon Ave,194,,38227996,
195,Olalla,US,98359,,98359,False,WA,10848 Orchard Ave SE,195,,206597852,
196,Sherwood,US,72120,3265,72120-3265,False,AR,127 Plumdale Dr,196,,40699439,
197,Ruskin,US,33570,,33570,False,FL,2206 Chaney Dr. #240,197,,39942137,
198,Advance,US,27006,7082,27006-7082,True,NC,192 Thousand Trails Dr,198,,,
199,N Tonawanda,US,14120,,14120,False,NY,253 Oelkers St,199,,48785965,
200,Vicksburg,US,39180,5020,39180-5020,False,MS,1026 Polk St,200,,220607617,
201,Albany,US,31721,9538,31721-9538,False,GA,125 Shady Glen Ln,201,,9844105,
202,San Diego,US,92101,,92101,False,CA,1450 Market Street,202,,209263687,
203,Machesney Park,US,61115,1072,61115-1072,False,IL,11731 Ventura Blvd,203,,39229251,
204,San Antonio,US,78258,7313,78258-7313,False,TX,23315 S Breeze St,204,,166731748,
205,St. Helena Island,US,29920,,29920,False,SC,19 Doctors Lane,205,,199518541,
206,Seattle,US,98102,,98102,False,WA,"1562 E OLIVE WAY, APT 108",206,,185412050,
207,Woodhaven,US,11421,2423,11421-2423,False,NY,8059 88th Rd,207,,168086273,
208,Stockton,US,95207,7714,95207-7714,False,CA,624 Salem Way,208,,,
209,Thibodaux,US,70301,,70301,False,LA,168 Belle Isle Drive,209,,239493398,
210,Leander,US,78641,2022,78641-2022,False,TX,1147 Pine Portage Loop,210,,47785175,
211,Rockledge,US,32955,,32955,False,FL,1803 Plata Ct,211,,43064511,
212,Modesto,US,95358,1344,95358-1344,False,CA,1425 N Rosemore Ave,212,,144760867,
213,SAN DIEGO,US,92117,,92117,False,CA,3171 Clairemont Dr,213,,,
214,Herald,US,95638,9765,95638-9765,False,CA,12277 Kirkwood St,214,,10954299,
215,Enid,US,73703,6273,73703-6273,False,OK,1111 S Oakwood Rd,215,,220068921,
216,Thorndale,US,19372,,19372,False,PA,3204 Sylvan Drive,216,,179995067,
217,Crewe,US,23930,3728,23930-3728,False,VA,478 Whitmore Town Rd,217,,,
218,Island Lake,US,60042,,60042,False,IL,221 West Burnett Road,218,,39101818,
219,New York City,US,10002,,10002,False,NY,"167 East Broadway, Apt 12",219,,48862028,
220,Venice,US,90291,3518,90291-3518,False,CA,1099 Nowita Pl,220,,154535968,
221,Pueblo,US,81005,1031,81005-1031,True,CO,3 Twilight Ln,221,,4300587,
222,Elk Grove,US,95757,6202,95757-6202,False,CA,9696 Philta Way,222,,249311202,
223,Hudson Oaks,US,76087,,76087,False,TX,219 Live Oak Drive,223,,166948182,
224,Fort Worth,US,76112,3031,76112-3031,False,TX,5900 Chimney Wood Cir,224,,1819105,
225,Portsmouth,US,23704,,23704,False,VA,850 Crawford pkwy apt 4214,225,,28328104,
226,Galt,US,95632,8330,95632-8330,False,CA,12201 Boessow Rd,226,,155910664,
227,Falls City,US,68355,1952,68355-1952,False,NE,1707 Towle St,227,,214723252,
228,Savannah,US,31410,3847,31410-3847,False,GA,401 N Cromwell Rd,228,,171693507,
229,Atlanta,US,30331,2058,30331-2058,False,GA,3728 Mays Xing SW,229,,22683360,
230,Pembroke Pines,US,33023,1065,33023-1065,False,FL,600 SW 71st Way,230,,160659180,
231,Grand Island,US,68803,,68803,False,NE,4234 Arizona Ave,231,,214628712,
232,Rock Springs,US,82901,,82901,False,WY,2350 Reagan Ave.,232,,,
233,Bulverde,US,78163,,78163,False,TX,740 Persimmon Hl,233,,28065379,
234,Englewood,US,7631,4813,07631-4813,False,NJ,100 Sterling Blvd,234,,189499099,
235,Mauk,US,31058,,31058,False,GA,1129 Sandpit Road,235,,238402043,
236,San Francisco,US,94130,1103,94130-1103,True,CA,1227D Northpoint Dr,236,,,
237,Portland,US,97213,,97213,False,OR,3801 NE 81st Ave.,237,,20514295,
238,Portland,US,97221,3745,97221-3745,False,OR,4124 SW Tunnelwood St,238,,186995001,
239,Dallas,US,75235,8790,75235-8790,False,TX,5006 Cedar Springs Rd,239,,33393956,
240,Apple Valley,US,92308,6338,92308-6338,False,CA,20624 Eyota Rd,240,,45141988,
241,Nashville,US,37217,4409,37217-4409,False,TN,2999 Smith Springs Rd,241,,36145375,
242,Highland Park,US,48203,3348,48203-3348,True,MI,228 E Buena Vista St,242,,53178989,
243,Lawrence,US,66046,5307,66046-5307,False,KS,2621 Cranley St,243,,217900823,
244,BRONX,US,10468,,10468,False,NY,2254 CEDAR AVE APT E,244,,19557621,
245,Lewistown,US,59457,,59457,False,MT,212 W Corcoran st,245,,,
246,Stockton,US,95210,,95210,False,CA,9006 Aylesford ln,246,,26432979,
247,Milwaukee,US,53211,2459,53211-2459,False,WI,2709 E Shorewood Blvd,247,,34231124,
248,Brentwood,US,94513,,94513,False,CA,1065 Coriander Dr,248,,206525383,
249,Denver,US,80236,3388,80236-3388,False,CO,4764 W Tufts Cir,249,,52426665,
250,temple hills,US,20748,,20748,False,MD,6203 summerhill road,250,,190953631,
251,St PETERSBURG,US,33701,,33701,False,FL,609 6th st N,251,,,
252,Olympia,US,98503,,98503,False,WA,2038 Marvin Rd SE,252,,185660688,
253,Salinas,US,93906,3676,93906-3676,False,CA,415 Tyler Pl,253,,151692605,
254,Sioux City,US,51106,,51106,False,IA,1413 South Hennepin Street,254,,154292140,
255,Rio Rico,US,85648,2961,85648-2961,False,AZ,368 Via Aloe Vera,255,,836250,
256,Aurora,US,80011,,80011,False,CO,13650 East Colfax Avenue,256,,253157145,
257,Bloomfield,US,6002,2005,06002-2005,False,CT,107 Tunxis Ave,257,,13922698,
258,Louisville,US,40218,,40218,False,KY,5510 Robinwood rd,258,,13252278,
259,Longwood,US,32750,,32750,False,FL,954 Waverly Dr,259,,16612343,
260,Chula Vista,US,91910,3154,91910-3154,False,CA,81 Center St,260,,49255215,
261,Antelope,US,95843,,95843,False,CA,8528 Brisenbourg Way,261,,155707017,
262,Herndon,US,20170,2945,20170-2945,False,VA,12854 Fantasia Dr,262,,5313383,
263,Columbia,US,65203,,65203,False,MO,5412 Baseline Place,263,,,
264,Peoria,US,61604,5975,61604-5975,False,IL,810 S Pleasant St,264,,176242372,
265,Pocatello,US,83201,,83201,False,ID,3100 Owyhee Street,265,,312505163,
266,Independence,US,64050,2408,64050-2408,False,MO,1104 W College St,266,,50084536,
267,Irving,US,75062,2907,75062-2907,False,TX,3916 Twin Falls St,267,,50763349,
268,Miami Gardens,US,33055,3080,33055-3080,False,FL,4477 NW 185th St,268,,24548577,
269,Methuen,US,1844,4840,01844-4840,False,MA,12 Cypress Ave,269,,21498084,
270,Stockton,US,95209,2405,95209-2405,False,CA,2111 Alcazar Way,270,,140162436,
271,Bronx,US,10468,1015,10468-1015,False,NY,3400 Paul Ave,271,,168585919,
272,Tacoma,US,98408,3435,98408-3435,False,WA,1132 S 60th St,272,,15267605,
273,Corona,US,92880,1319,92880-1319,False,CA,1043 Normandy Ter,273,,27373194,
274,New York,US,10002,,10002,False,NY,577 FDR Drive,274,,,
275,Washington,US,20003,,20003,False,DC,1345 South Capitol Street Southwest,275,,193032300,
276,Elk Grove,US,95758,,95758,False,CA,8760 Center PKWY,276,,245484410,
277,Hyattsville,US,20782,3103,20782-3103,False,MD,5810 30th Ave,277,,42130215,
278,Clinton,US,84015,,84015,False,UT,2418 N 1050 W,278,,152902054,
279,Manassas,US,20110,,20110,False,VA,9418 Spotsylvania Street,279,,35956545,
280,Anderson,US,46013,1739,46013-1739,False,IN,433 E 54th St,280,,28020252,
281,Tucson,US,85711,6035,85711-6035,False,AZ,5972 E Juarez St,281,,159204471,
282,Levittown,US,11756,,11756,False,NY,143 Farmedge Rd,282,,45643424,
283,Lancing,US,37770,3204,37770-3204,False,TN,356 Montgomery Rd,283,,188968491,
284,Gilbert,US,85233,,85233,False,AZ,1333 W Guadalupe Rd.,284,,26006104,
285,Lagrange,US,30240,7736,30240-7736,False,GA,437 Hampton Green Dr,285,,147404841,
286,Vaiden,US,39176,9553,39176-9553,False,MS,24973 Highway 35,286,,,
287,Middleburg,US,32068,,32068,False,FL,1754 Linda Lakes Ln.,287,,,
288,Austin,US,78726,,78726,False,TX,11211 Crossland Drive,288,,166321905,
289,Sedalia,US,65301,1712,65301-1712,False,MO,31426 Lee Rd,289,,,
290,chicago,US,60657,,60657,False,IL,3530 N Southport Ave,290,,31735494,
291,CHARLOTTE,US,28270,,28270,False,NC,110 KINGSDOWN AVE,291,,141924553,
292,Chicago,US,60629,,60629,False,IL,3850 W 64th Place,292,,32224373,
293,Brookland,US,72417,,72417,False,AR,303 Emma dr,293,,324752521,
294,Madera,US,93637,5712,93637-5712,False,CA,342 Helena Way,294,,22377219,
295,Swampscott,US,1907,6005,01907-6005,False,MA,40 Roy St,295,,203304776,
296,Union City,US,94587,1444,94587-1444,False,CA,33300 Mission Blvd,296,,204658941,
297,Santa Monica,US,90404,3928,90404-3928,False,CA,1838 22nd St,297,,154548436,
298,Chicago,US,60641,4229,60641-4229,False,IL,5111 W School St,298,,53779878,
299,Bronx,US,10452,7623,10452-7623,False,NY,108 E Clarke Pl Apt 47A,299,,32524585,
300,Hyattsville,US,20782,3009,20782-3009,False,MD,6105 39th Pl,300,,49979905,
301,Harrisville,US,2830,1304,02830-1304,False,RI,169 Railroad Ave,301,,,
302,Charlotte,US,28217,,28217,False,NC,1020 Comstock DR,302,,152456998,
303,Hawthorne,US,90250,8285,90250-8285,False,CA,13930 Chadron Ave,303,,,
304,Fort Worth,US,76107,3626,76107-3626,False,TX,5012 Byers Ave,304,,35688165,
305,Ocoee,US,34761,8932,34761-8932,False,FL,2520 Greywall Ave,305,,161177867,
306,Tucson,US,85714,3117,85714-3117,False,AZ,1519 E Calle Salamanca,306,,1905708,
307,Auburndale,US,33823,4804,33823-4804,False,FL,2583 Edmond Cir,307,,41052788,
308,Bronx,US,10454,1234,10454-1234,False,NY,380 E 143rd St,308,,,
309,Meriden,US,6450,6651,06450-6651,False,CT,269 Old Stagecoach Rd,309,,188662100,
310,Houston,US,77065,,77065,False,TX,10818 Huffmeister Road,310,,241794873,
311,Mountain Top,US,18707,9048,18707-9048,False,PA,94 Valley Stream Park,311,,,
312,Jackson,US,36545,,36545,False,AL,524 Commerce St,312,,233320849,
313,New York,US,10028,4632,10028-4632,False,NY,1646 1st Ave,313,,168183425,
314,Dunnellon,US,34432,4112,34432-4112,False,FL,19962 SW 96th Pl,314,,9588110,
315,North Las Vegas,US,89081,,89081,False,NV,3836 Carisbrook Ave,315,,7507633,
316,Cherry Valley,US,13320,,13320,False,NY,281 County Highway 32A,316,,209276180,
317,Warren,US,2885,,2885,False,RI,15 Hall Ave,317,,16800155,
318,San Dimas,US,91773,,91773,False,CA,1002 Calle Frondosa,318,,142940149,
319,Okc,US,73170,,73170,True,OK,4205 cunningham dr,319,,20255870,
320,Long Beach,US,90804,,90804,False,CA,4223 East 10th Street,320,,154687560,
321,Mount Clemens,US,48043,2489,48043-2489,False,MI,715 Clinton River Dr,321,,,
322,St. Louis,US,63129,,63129,False,MO,7507Abingdon Abingdon Way Court,322,,188342051,
323,Rock Hill,US,29732,1759,29732-1759,False,SC,1724 Hunters Trl,323,,35449651,
324,Coatesville,US,19320,,19320,False,PA,201 Andrew Road,324,,178259022,
325,Lusby,US,20657,4040,20657-4040,False,MD,1820 Rudolph Ln,325,,42128278,
326,Myrtle Beach,US,29588,,29588,False,SC,455 Sunnehanna Drive #544,326,,222273208,
327,Santa Fe,US,87508,,87508,False,NM,31 Nambe West,327,,189404525,
328,Norfolk,US,23518,,23518,False,VA,2426 Tullibee Drive,328,,35750194,
329,Elkin,US,28621,,28621,False,NC,336 Benge Dr,329,,,
330,Shreveport,US,71118,3613,71118-3613,False,LA,9404 Royalton Dr,330,,18060884,
331,Chicago,US,60610,,60610,False,IL,347 W Chestnut St,331,,175192092,
332,Berkeley,US,94702,1501,94702-1501,False,CA,1707 Sacramento St,332,,,
333,Fleetwood,US,19522,1609,19522-1609,False,PA,410 E Locust St,333,,41132682,
334,Clarence,US,14031,,14031,False,NY,4910 Kraus Road,334,,50381226,
335,Fayetteville,US,37334,6833,37334-6833,False,TN,513 Old Lincoln Rd,335,,195162189,
336,Albuquerque,US,87105,6780,87105-6780,False,NM,2607 Garner Rd SW,336,,198640332,
337,Friendsville,US,21531,,21531,False,MD,633 Water Street,337,,49651315,
338,Milltown,US,8850,1441,08850-1441,False,NJ,349 N Main St,338,,48601576,
339,San Francisco,US,94118,,94118,False,CA,35 Wood St,339,,474994,
340,Henderson,US,89044,,89044,False,NV,3054 Villanelle Ave,340,,252875009,
341,Littlerock,US,93543,,93543,False,CA,9603 East Avenue R 14,341,,20222034,
342,Raleigh,US,27610,,27610,False,NC,2514 Shepherd Valley Street,342,,177548503,
343,Bronx,US,10467,5812,10467-5812,False,NY,851 E 215th St,343,,168442304,
344,Danbury,US,6811,,6811,False,CT,1 Acre Dr,344,,199471085,
345,Balch Springs,US,75180,,75180,False,TX,4437 Central Lane,345,,29410728,
346,Sylmar,US,91342,,91342,False,CA,13100 Norris Ave,346,,154433664,
347,Chicago,US,60638,3730,60638-3730,False,IL,5624 S Menard Ave,347,,42031277,
348,Weston,US,33327,1901,33327-1901,False,FL,1633 Salerno Cir,348,,159324250,
349,Englewood,US,80110,,80110,False,CO,3100 South Cherokee Street,349,,184199911,
350,Zephyrhills,US,33541,2853,33541-2853,False,FL,6633 Laxey Ct,350,,160512068,
351,Bakersfield,US,93311,,93311,True,CA,12202 Lotus Vine Street,351,,24442096,
352,Land o Lakes,US,34637,7566,34637-7566,False,FL,7328 Ambleside Dr,352,,149136935,
353,Plainville,US,2762,2173,02762-2173,False,MA,7 Taunton St,353,,197303017,
354,Rosemead,US,91770,3424,91770-3424,False,CA,7626 Marsh Ave,354,,154610226,
355,Brighton,US,48114,8133,48114-8133,False,MI,2702 Sligo Ln,355,,1656994,
356,Moxee,US,98936,,98936,False,WA,107 North Chinook Street,356,,35259726,
357,Novato,US,94947,,94947,False,CA,609 fairhaven Way,357,,19230400,
358,Gilbert,US,85234,5893,85234-5893,False,AZ,577 E Park Ave,358,,43898371,
359,Upland,US,91786,2308,91786-2308,False,CA,1559 N 1st Ave,359,,10867474,
360,Fremont,US,94555,,94555,False,CA,5375 Shattuck Ave,360,,40103529,
361,Canton,US,48187,,48187,False,MI,47995 Candace Ln,361,,42138333,
362,Houston,US,77047,,77047,False,TX,14419 Brunswick Point Lane,362,,10646291,
363,San Diego,US,92128,,92128,False,CA,15731 Bernardo Heights Parkway,363,,156734112,
364,Richardson,US,75080,,75080,False,TX,903 Loganwood Avenue,364,,166770927,
365,Bluffton,US,29910,,29910,False,SC,23 Mayfair Dr,365,,14201331,
366,Washington,US,20032,,20032,False,DC,210 Oakwood Street SE Apt. 302,366,,200939570,
367,Bel Air,US,21014,,21014,False,MD,1354 Sweetbriar Lane,367,,44960281,
368,Shoemakersville,US,19555,,19555,False,PA,200 3rd Street,368,,179896580,
369,Milford,US,6460,,6460,False,CT,692 Milford Point Road,369,,191630289,
370,Homestead,US,33033,7318,33033-7318,False,FL,2928 SE 2nd St,370,,,
371,New York,US,10025,,10025,False,NY,17 West 108st,371,,168669195,
372,Tamarac,US,33321,1463,33321-1463,False,FL,8820 NW 78th Ct,372,,,
373,Rialto,US,92376,3899,92376-3899,False,CA,1003 N Sandalwood Ave,373,,147239601,
374,Rock Falls,US,61071,1861,61071-1861,False,IL,709 Marsha Ln,374,,218798997,
375,Mesquite,US,75149,,75149,False,TX,4204 US Highway 80 E,375,,166877091,
376,Parker,US,85344,,85344,False,AZ,512 W Riverside Dr,376,,,
377,Lincoln,US,95648,8028,95648-8028,False,CA,1261 Southwick Ln,377,,40420222,
378,Chicago,US,60625,6405,60625-6405,False,IL,4607 N Monticello Ave,378,,7746645,
379,Ponchatoula,US,70454,6719,70454-6719,False,LA,40131 Holland Rd,379,,212334715,
380,Chicago,US,60605,2090,60605-2090,False,IL,111 W Polk St Apt 510,380,,,
381,Canastota,US,13032,1423,13032-1423,False,NY,111 Stroud St,381,,169173742,
382,Natchitoches,US,71457,,71457,False,LA,6827 Hwy 6,382,,,
383,Berlin Center,US,44401,9785,44401-9785,False,OH,15262 Hoyle Rd,383,,183268320,
384,Woodstock,US,60098,3665,60098-3665,False,IL,357 Meadowsedge Dr,384,,230144611,
385,Cordele,US,31015,,31015,False,GA,101 Aberdeen Circle,385,,236880561,
386,Plant City,US,33563,1334,33563-1334,False,FL,3868 Boot Bay Rd,386,,163040771,
387,Frisco,US,75033,3838,75033-3838,False,TX,7073 Bramblebush Dr,387,,4017829,
388,Westford,US,1886,,1886,False,MA,29 Meadow Lane,388,,195179146,
389,Tampa,US,33612,6249,33612-6249,False,FL,2214 E 113th Ave,389,,263895,
390,Saint Paul,US,55129,8349,55129-8349,False,MN,10762 Kingsfield Ln,390,,150524989,
391,New York,US,10011,2943,10011-2943,False,NY,473 W 21st St,391,,23497136,
392,Bothell,US,98021,,98021,False,WA,24310 2nd Place West,392,,185210294,
393,Metairie,US,70001,1024,70001-1024,False,LA,2313 Transcontinental Dr,393,,,
394,Prospect Heights,US,60070,2118,60070-2118,False,IL,850 E Old Willow Rd,394,,31726622,
395,Queens,US,11105,,11105,False,NY,23-88 28th Street,395,,54383735,
396,Northwood,US,43619,2020,43619-2020,False,OH,2504 Skagway Dr,396,,50638956,
397,West Bridgewater,US,2379,1218,02379-1218,False,MA,66 Grant St,397,,200187558,
398,Council Bluffs,US,51503,4912,51503-4912,False,IA,687 Franklin Ave,398,,202527827,
399,Dallas,US,75206,5919,75206-5919,True,TX,5847 Morningside Ave,399,,44432058,
400,Mount Morris,US,14510,,14510,False,NY,107 Chapel Street,400,,3683331,
401,Savannah,US,31419,,31419,False,GA,101 Saint George blvd,401,,31020873,
402,Bronx,US,10457,,10457,False,NY,4439 Third Ave,402,,168602026,
403,Savannah,US,31405,,31405,False,GA,20 THACKERY PL Apt. 4,403,,171160595,
404,Seattle,US,98106,,98106,False,WA,9007 18th Avenue Southwest,404,,,
405,Camp Hill,US,17011,,17011,False,PA,112 S 16th st,405,,,
406,Las Vegas,US,89143,5452,89143-5452,False,NV,9025 Ochoa St,406,,4584650,
407,Havelock,US,28532,,28532,False,NC,102 Parkway Lane,407,,234183292,
408,CHANDLER,US,85286,,85286,False,AZ,2777 S. Arizona Ave #1005,408,,248697007,
409,Gretna,US,70056,3883,70056-3883,True,LA,239 Friedrichs Rd,409,,189091788,
410,San Bernardino,US,92405,3407,92405-3407,False,CA,2869 N Arrowhead Ave,410,,7093799,
411,Pikesville,US,21208,,21208,False,MD,203 Sherwood Ave,411,,45089160,
412,Newport,US,37821,7111,37821-7111,False,TN,1300 Golf Course Rd,412,,1757463,
413,vilonia,US,72173,,72173,False,AR,19 mockingbird lane,413,,13652995,
414,Carbondale,US,66414,,66414,False,KS,227 North St,414,,,
415,Henryville,US,47126,8692,47126-8692,False,IN,416 Lake Ridge Dr,415,,249364569,
416,Macon,US,31211,1324,31211-1324,False,GA,1330 Waverland Dr,416,,141492047,
417,McKinney,US,75070,,75070,False,TX,6404 Candletree Lane,417,,41293711,
418,Ashland,US,44805,,44805,False,OH,1420 Peachtree Drive,418,,237080905,
419,Virginia Beach,US,23453,1707,23453-1707,False,VA,1420 Riverside Dr,419,,11935439,
420,Frackville,US,17931,,17931,False,PA,6 Olivia`s Court,420,,179640380,
421,Shepherd,US,77371,2857,77371-2857,False,TX,1771 Virginia St,421,,,
422,Saint Paul,US,55124,5605,55124-5605,False,MN,13734 Fordham Ave,422,,4404411,
423,Wichita Falls,US,76310,,76310,False,TX,4913 Olivia Lane,423,,232081952,
424,Kingston,US,18704,4545,18704-4545,False,PA,80 S Loveland Ave,424,,142081551,
425,London,US,40744,,40744,False,KY,190 vanover Rd w,425,,,
426,Parker,US,80134,,80134,False,CO,10895 Touchstone Loop,426,,217520900,
427,Grand Forks,US,58203,2792,58203-2792,False,ND,530 Tulane Dr Apt 18,427,,,
428,Harlingen,US,78550,4118,78550-4118,False,TX,805 Orange Heights Dr,428,,54525698,
429,WILLIAMSTOWN,US,8094,,8094,True,NJ,314 Clayton Road,429,,22030264,
430,Rockford,US,61107,,61107,False,IL,1729 Old Wood Rd,430,,149711756,
431,Morton,US,61550,,61550,False,IL,761 Taylor st,431,,174701165,
432,Clermont,US,34711,6926,34711-6926,False,FL,2530 Citrus Tower Blvd,432,,220999661,
433,McKinney,US,75072,,75072,False,TX,10025 Waterstone Way,433,,,
434,Buffalo,US,14216,2308,14216-2308,False,NY,176 Commonwealth Ave,434,,13858575,
435,Metairie,US,70003,1751,70003-1751,False,LA,3209 Roberta St,435,,200618735,
436,Richmond Hill,US,11418,2707,11418-2707,False,NY,8764 125th St,436,,148381196,
437,Alhambra,US,91803,4305,91803-4305,False,CA,2525 Las Flores St,437,,154718049,
438,Long Beach,US,90808,3245,90808-3245,False,CA,3231 Lilly Ave,438,,48995424,
439,Winnetka,US,91306,,91306,False,CA,20543 Wyandotte,439,,20111697,
440,Beverly,US,99321,0300,99321-0300,False,WA,20102 Lower Crab Creek Rd SW,440,,227781823,
441,Pearland,US,77581,8259,77581-8259,False,TX,7114 Robin Meadow St,441,,166783532,
442,Shelocta,US,15774,7251,15774-7251,False,PA,180 Chestnut Flat Rd,442,,,
443,Milwaukee,US,53209,2608,53209-2608,False,WI,6978 N Braeburn Ln,443,,198935222,
444,Smithfield,US,2917,,2917,False,RI,18 Adams Lane,444,,203560383,
445,Los Angeles,US,90059,3030,90059-3030,False,CA,1742 E 122nd St,445,,154827259,
446,Culpeper,US,22701,,22701,False,VA,15045 Jenkins Hill Lane,446,,35924408,
447,Torrance,US,90502,,90502,False,CA,23416 Petroleum Ave,447,,34674641,
448,Ontario,US,91761,5726,91761-5726,False,CA,1456 E Philadelphia St,448,,206438279,
449,Fresh Meadows,US,11365,1935,11365-1935,False,NY,6127 167th St,449,,170484293,
450,Los Angeles,US,90027,1741,90027-1741,True,CA,5036 Los Feliz Blvd,450,,219276002,
451,Titusville,US,32780,8126,32780-8126,False,FL,164 Bonita St,451,,142733282,
452,Odessa,US,79765,,79765,False,TX,9100 ANDREWS hwy,452,,28677112,
453,Apollo,US,15613,8401,15613-8401,False,PA,1750 Hancock Ave,453,,143040422,
454,San Diego,US,92110,,92110,False,CA,5780 Friars Road,454,,,
455,San Antonio,US,78259,,78259,False,TX,18211 Bulverde Road,455,,216044453,
456,Defiance,US,43512,,43512,False,OH,17112 Harris Rd,456,,215384238,
457,Eagan,US,55122,2410,55122-2410,False,MN,1718 Hickory Hill Dr,457,,4914202,
458,Collierville,US,38017,,38017,False,TN,1388 River Bank Dr,458,,195367371,
459,Collegeville,US,19426,,19426,False,PA,509 Hagey Place,459,,47051132,
460,Mammoth Lakes,US,93546,,93546,False,CA,2443 Sierra Nevada Rd. #L2,460,,207299997,
461,Fridley,US,55432,,55432,False,MN,5640 N Danube Road,461,,193905376,
462,Atlanta,US,30342,1042,30342-1042,False,GA,5542 Kingsport Dr,462,,25280148,
463,Rockvale,US,37153,,37153,False,TN,2108 Nunley Dr,463,,150699117,
464,Roseville,US,95661,,95661,False,CA,1809 Swan Falls Lane,464,,34824694,
465,Ferndale,US,48220,,48220,False,MI,"233 Fielding St, Apt B",465,,,
466,Saint Cloud,US,56301,5606,56301-5606,False,MN,1614 14th Ave S,466,,142997515,
467,Ackley,US,50601,1813,50601-1813,False,IA,110 Prospect Dr,467,,,
468,Columbus,US,43224,,43224,False,OH,1404 Evaline Drive,468,,182975838,
469,Island Park,US,11558,1201,11558-1201,False,NY,1 Broadway,469,,36848192,
470,Washington,US,20024,,20024,False,DC,"301 G Street, SW #704",470,,321105321,
471,Evanston,US,82930,2555,82930-2555,False,WY,106 2nd Ave,471,,,
472,Portland,US,97217,,97217,False,OR,12 N Sumner St,472,,145289231,
473,Winfield,US,35594,5401,35594-5401,False,AL,206 Apache St,473,,,
474,Atwater,US,44201,9354,44201-9354,False,OH,2076 Industry Rd,474,,183551938,
475,Tampa,US,33647,3344,33647-3344,False,FL,20332 Chestnut Grove Dr,475,,26927375,
476,Boise,US,83704,,83704,False,ID,1820 N. FISK ST,476,,49513529,
477,Romeoville,US,60446,,60446,False,IL,47 Ambassador Avenue,477,,27078215,
478,Van Buren Twp,US,48111,5162,48111-5162,False,MI,44697 Greenbriar Dr,478,,14614532,
479,Blairsville,US,30512,,30512,True,GA,568 Havenwood Rd,479,,237782009,
480,Merced,US,95341,5503,95341-5503,False,CA,827 Emory Ct,480,,142721444,
481,Gurnee,US,60031,2762,60031-2762,False,IL,4346 Meadowlark Ct,481,,176106782,
482,Philadelphia,US,39350,5605,39350-5605,False,MS,10903 Road 397,482,,,
483,Dublin,US,94568,,94568,False,CA,4083 Inniswood Pl,483,,45880046,
484,Warners,US,13164,,13164,False,NY,2534 WARNERS RD,484,,168735776,
485,Bradyville,US,37026,,37026,False,TN,115 Heather Heights,485,,23766206,
486,Stillwater,US,55082,4529,55082-4529,False,MN,559 Newman Trl,486,,150524838,
487,South Gate,US,90280,6732,90280-6732,False,CA,10353 Alexander Ave,487,,22958565,
488,Manhattan Beach,US,90266,,90266,False,CA,412 10th Street,488,,154518765,
489,Sioux city,US,51105,,51105,False,IA,3400 7th st,489,,199804786,
490,Fort Mill,US,29708,7041,29708-7041,False,SC,164 Bromley Village Dr,490,,,
491,South Bound Brook,US,8880,1401,08880-1401,True,NJ,3 Barber Blvd,491,,37846560,
492,Chula Vista,US,91910,,91910,False,CA,35 East Flower Street,492,,,
493,Jacksonville,US,32210,,32210,False,FL,4656 Westfield Rd,493,,160580697,
494,Corona,US,92882,,92882,False,CA,2780 Hidden Hills Way,494,,16418749,
495,Clayton,US,30525,4329,30525-4329,False,GA,370 Heights Ln,495,,211195276,
496,Gainesville,US,32601,8276,32601-8276,False,FL,1250 SW 11th Ave Apt A404,496,,,
497,Seattle,US,98126,2887,98126-2887,False,WA,3261 SW Avalon Way,497,,143707919,
498,East Brunswick,US,8816,,8816,False,NJ,25 Cook Rd,498,,190414278,
499,Pineville,US,71360,6213,71360-6213,False,LA,2653 Joseph Ave,499,,210981642,
500,Milwaukie,US,97222,,97222,False,OR,9900 Se Bell Ave,500,,197545561,
501,Cordova,US,38018,8304,38018-8304,False,TN,440 Arcaro Way,501,,,
502,Lacey,US,98503,5549,98503-5549,False,WA,4048 Wonderwood Ln SE,502,,185691399,
503,RICHMOND,US,77406,,77406,False,TX,1002 COOL CORNER CT,503,,253518903,
504,Clayton,US,8312,,8312,False,NJ,410 Moore Blvd,504,,198782707,
505,Greenville,US,24440,1776,24440-1776,True,VA,44 Vine St,505,,,
506,Marysville,US,95901,9444,95901-9444,False,CA,771 Ramirez Rd,506,,30436872,
507,Alachua,US,32615,4906,32615-4906,False,FL,12319 NW 148th Ave,507,,16652667,
508,Fort Lauderdale,US,33309,,33309,False,FL,106 Lake Emerald Drive,508,,207196827,
509,Phoenix,US,85003,1466,85003-1466,False,AZ,141 W Portland St,509,,,
510,San Diego,US,92101,,92101,False,CA,895 Park Boulevard,510,,241134577,
511,Sparta,US,7871,1514,07871-1514,False,NJ,14 Seneca Trl,511,,3517417,
512,Ruffin,US,27326,,27326,False,NC,181 Ruffin School Road,512,,176660617,
513,Harrison,US,45030,8701,45030-8701,False,OH,10027 Flora Rd,513,,,
514,Scottsdale,US,85255,,85255,False,AZ,7690 e Starla dr,514,,159225980,
515,oldsmar,US,34677,,34677,False,FL,511 pinewood drive,515,,161720313,
516,Los Angeles,US,91344,,91344,False,CA,15734 Rinaldi Street,516,,141108490,
517,Westbury,US,11590,6546,11590-6546,False,NY,34 Harmony Ln,517,,45602966,
518,Phila,US,19120,3024,19120-3024,False,PA,219 E Tabor Rd,518,,178185389,
519,Bellmore,US,11710,3318,11710-3318,False,NY,210 Howell St,519,,4787206,
520,Capitola,US,95010,,95010,False,CA,4405 Diamond Street,520,,,
521,Weehawken,US,7086,,7086,False,NJ,1300 Avenue at Port Imper,521,,228675588,
522,Grafton,US,53024,9019,53024-9019,False,WI,1515 Harris Dr,522,,,
523,Garden Valley,US,83622,5011,83622-5011,False,ID,77 Scriver Woods Rd,523,,189605762,
524,Arlington,US,76012,4423,76012-4423,True,TX,924 Cherry Laurel Ln,524,,166119817,
525,chesterfield,US,63017,,63017,False,MO,12 baxter lane,525,,32319708,
526,Fort Worth,US,76133,,76133,False,TX,4316 Yellowleaf Dr,526,,167213719,
527,Gallatin,US,37066,3669,37066-3669,False,TN,108 Duncan St,527,,194617300,
528,Valdosta,US,31605,,31605,False,GA,4025 Glen Laurel Drive North,528,,207835765,
529,Bakersfield,US,93307,,93307,False,CA,600 Hosking Avenue,529,,205680866,
530,Bronx,US,10467,,10467,False,NY,3166 Bainbridge Avenue,530,,,
531,Fort Worth,US,76132,3039,76132-3039,True,TX,6855 Lahontan Dr,531,,35728425,
532,Prattville,US,36067,,36067,False,AL,107 County Road 29,532,,228589505,
533,Tacoma,US,98445,5313,98445-5313,False,WA,2611 104th St E,533,,216928834,
534,Ashland,US,44805,3039,44805-3039,False,OH,408 Quarry St,534,,237083938,
535,Dallas,US,75219,,75219,False,TX,"2370 Victory Ave Dallas, TX 75219 United States",535,,,
536,Garner,US,27529,,27529,False,NC,557 Coalyard Drive,536,,177553612,
537,Castle Rock,US,80109,8476,80109-8476,False,CO,5205 S Meadow Lark Dr,537,,34888467,
538,Dover,US,19901,1940,19901-1940,False,DE,364 Norway Dr,538,,244395746,
539,Poulsbo,US,98370,,98370,False,WA,2414 Northeast Confucius Way,539,,325623740,
540,Danville,US,24541,4151,24541-4151,False,VA,1235 Rosemary Ln,540,,215838628,
541,Towson,US,21286,,21286,False,MD,1544 Dellsway Rd,541,,45107718,
542,Malvern,US,19355,,19355,False,PA,5 Manor View Circle,542,,178738165,
543,San Jacinto,US,92582,6918,92582-6918,False,CA,1973 Roanoke St,543,,54620735,
544,Davie,US,33314,,33314,False,FL,3810 Southwest 59th Terrace,544,,39857114,
545,Silsbee,US,77656,3104,77656-3104,False,TX,204 Easy St,545,,28886754,
546,Las Vegas,US,89108,,89108,False,NV,2907 Maverick Street,546,,29944069,
547,Houston,US,77074,2330,77074-2330,False,TX,9001 S Braeswood Blvd,547,,,
548,Home,US,15747,6917,15747-6917,False,PA,3142 Redding Run Rd,548,,,
549,Bangor,US,4401,,4401,False,ME,339 Hancock Street,549,,142915068,
550,Jefferson,US,1522,1173,01522-1173,False,MA,1 Country Hill Rd,550,,193528612,
551,Saint Stephen,US,29479,3000,29479-3000,False,SC,1106 Old Mill Rd,551,,33193790,
552,Copperas Cove,US,76522,4439,76522-4439,False,TX,937 Hobby Rd,552,,325693179,
553,Mesquite,US,75149,,75149,False,TX,1137 Paintbrush,553,,147701219,
554,Lubbock,US,79411,1517,79411-1517,False,TX,2009 29th St,554,,25098990,
555,Jenkintown,US,19046,4213,19046-4213,False,PA,31 N Central Ave,555,,178735290,
556,Clarkton,US,28433,8607,28433-8607,False,NC,565 Autry Rd,556,,233942583,
557,Idabel,US,74745,,74745,False,OK,252 Rooks Nest Lane,557,,,
558,Cadillac,US,49601,9063,49601-9063,False,MI,7436 Hickory Ct,558,,,
559,Concord,US,5824,,5824,False,VT,21 Mud Hollow Rd,559,,206726998,
560,Phoenix,US,85020,3459,85020-3459,False,AZ,838 E El Caminito Dr,560,,54131118,
561,Fresno,US,93720,0467,93720-0467,False,CA,2321 E Omaha Ave,561,,16020361,
562,New Britain,US,18901,,18901,False,PA,73 Pueblo Road,562,,47254911,
563,Eugene,US,97403,1497,97403-1497,False,OR,1935 Columbia St,563,,189078146,
564,Lake Forest,US,92610,,92610,False,CA,1 Puerto Nuevo,564,,51683305,
565,Wayland,US,14572,1440,14572-1440,False,NY,204 S Lackawanna St,565,,169968943,
566,Kokomo,US,46901,2603,46901-2603,False,IN,1215 N Wabash Ave,566,,42277817,
567,Church Point,US,70525,7501,70525-7501,False,LA,132 Jules Ln,567,,218616995,
568,Roseville,US,95678,2938,95678-2938,False,CA,8444 Cortina Cir,568,,40370619,
569,Post Falls,US,83854,5764,83854-5764,False,ID,955 N Tubsgate Pl,569,,,
570,Columbia,US,21046,1344,21046-1344,False,MD,10142 Cape Ann Dr,570,,11041648,
571,Jersey City,US,7302,,7302,False,NJ,350 Warren Street,571,,,
572,Rahway,US,7065,1807,07065-1807,False,NJ,716 Brookside Rd,572,,67473,
573,Sebastian,US,32958,6506,32958-6506,False,FL,514 Concha Dr,573,,40030209,
574,Whitehouse Station,US,8889,2033,08889-2033,False,NJ,187 Aster Ct,574,,205145085,
575,Phenix City,US,36869,,36869,False,AL,902 43rd Ave,575,,233007934,
576,San Antonio,US,78216,1739,78216-1739,False,TX,800 Vista Valet,576,,165024901,
577,Troy,US,12180,9256,12180-9256,False,NY,2238 State Highway 7,577,,170605194,
578,Hampstead,US,3841,,3841,False,NH,562 Main Street,578,,16933035,
579,Houston,US,77077,3674,77077-3674,False,TX,13102 Fallsview Ln,579,,,
580,el cajon,US,92021,,92021,False,CA,14215 pecan park lane sp 49,580,,,
581,Green Pond,US,29446,,29446,False,SC,242 Sea Island Place,581,,,
582,Temple,US,76502,2163,76502-2163,False,TX,1327 Iron Glen Dr,582,,323532404,
583,Leavenworth,US,66048,5539,66048-5539,False,KS,3908 Garland Ave,583,,213833341,
584,Tomball,US,77375,5440,77375-5440,False,TX,22543 August Leaf Dr,584,,36637713,
585,Jersey City,US,7304,1729,07304-1729,False,NJ,283 Harrison Ave,585,,203180239,
586,Larue,US,75770,3164,75770-3164,False,TX,4361 County Road 4316,586,,164983989,
587,Glendale,US,85306,,85306,False,AZ,6324 W Beverly Ln,587,,141783190,
588,Tampa,US,33634,2210,33634-2210,False,FL,6910 W Waters Ave,588,,146517938,
589,Mentone,US,35968,,35968,False,AL,1762b CR 642,589,,,
590,Anderson,US,46013,2881,46013-2881,False,IN,1535 Rhett Dr,590,,4051697,
591,Crestview,US,32536,,32536,False,FL,731 Lime Lane,591,,146687643,
592,Phoenix,US,85016,4691,85016-4691,False,AZ,1601 E Highland Ave,592,,158769868,
593,Tavernier,US,33070,2528,33070-2528,False,FL,168 Sunrise Dr,593,,,
594,Utica,US,42376,5000,42376-5000,False,KY,6355 Valley Brook Trce,594,,253595590,
595,Los Angeles,US,90061,1707,90061-1707,False,CA,202 W 121st St,595,,40051946,
596,Madison,US,35758,1218,35758-1218,False,AL,702 Crestview Dr,596,,199846646,
597,Spring,US,77389,2153,77389-2153,False,TX,6867 Adrienne Arbor Dr,597,,217567914,
598,Bowie,US,20721,1824,20721-1824,False,MD,707 Faraway Ct,598,,143855345,
599,Flagstaff,US,86001,5829,86001-5829,False,AZ,515 S O Leary St,599,,159206089,
600,Houston,US,77099,3614,77099-3614,False,TX,12530 Huntington Field Dr,600,,4867156,
601,Cincinnati,US,45206,2528,45206-2528,False,OH,2119 Deerfield St,601,,36782192,
602,Santa Barbara,US,93103,,93103,False,CA,902 N Nopal st,602,,43127947,
603,Coachella,US,92236,,92236,False,CA,85523 Stacie ln,603,,140889434,
604,Santa Clarita,US,91387,1809,91387-1809,False,CA,26927 Cherry Willow Dr,604,,237540495,
605,Joliet,US,60431,9384,60431-9384,False,IL,919 Leawood Dr,605,,24624870,
606,Gold Canyon,US,85118,,85118,False,AZ,10982 E. Secret Mine Court,606,,40971736,
607,Houston,US,77073,2120,77073-2120,False,TX,1426 Oxford Meadows Dr,607,,324413431,
608,Hialeah,US,33012,4737,33012-4737,False,FL,1470 W 37th St,608,,149122989,
609,Auburn,US,30011,3600,30011-3600,False,GA,1601 River Trce,609,,147359157,
610,Royston,US,30662,7531,30662-7531,False,GA,94 Partlow Rd,610,,215561180,
611,Glenwood,US,30428,,30428,False,GA,156 Elm Road,611,,216460228,
612,Lititz,US,17543,9215,17543-9215,False,PA,910 Suffolk Dr,612,,179356530,
613,Milwaukee,US,53208,1712,53208-1712,False,WI,1755 N 48th St,613,,,
614,Cambridge,US,43725,,43725,False,OH,908 N 6th Street,614,,,
615,Garden City,US,83714,6372,83714-6372,False,ID,301 E 40th St,615,,,
616,Indianapolis,US,46237,,46237,False,IN,5530 Chisolm Trail,616,,243611,
617,Ocala,US,34472,,34472,False,FL,6320 Pecan Course,617,,1984718,
618,East Patchogue,US,11772,4279,11772-4279,False,NY,15 Yale Rd,618,,140298712,
619,Anaheim,US,92804,4050,92804-4050,False,CA,2791 W Stonybrook Dr,619,,52995361,
620,ODESSA,US,79763,,79763,False,TX,2439 N REDONDO AVE,620,,165441500,
621,Woburn,US,1801,2509,01801-2509,False,MA,26A Mishawum Rd,621,,10737703,
622,New York,US,10039,,10039,False,NY,101-125 West 147th Street Apt. 3J,622,,,
623,Carrollton,US,30117,2635,30117-2635,False,GA,912 Lovvorn Rd,623,,171779015,
624,Seattle,US,98119,,98119,False,WA,1321 w emerson st,624,,41829344,
625,Orangeville,US,17859,,17859,False,PA,75 Bendertown Road,625,,179679118,
626,Phoenix,US,85042,7330,85042-7330,False,AZ,7719 S 43rd Pl,626,,322457965,
627,AURORA,US,60505,,60505,False,IL,607 NORTH AVE,627,,53427948,
628,Malv,US,44644,,44644,False,OH,108 W Main st,628,,182246871,
629,Farmersville,US,93223,1618,93223-1618,False,CA,401 N Magnolia Ave,629,,3837151,
630,Austin,US,78724,,78724,False,TX,7601 Daffan Ln,630,,204954334,
631,Enderlin,US,58027,9766,58027-9766,False,ND,13388 55th St SE,631,,239358720,
632,Union,US,7088,,7088,False,NJ,115 Burkley Place,632,,21927338,
633,Mishawaka,US,46545,6811,46545-6811,False,IN,801 E Mishawaka Ave,633,,214191958,
634,Jersey City,US,7302,3622,07302-3622,False,NJ,209 York St,634,,24359184,
635,Clearwater,US,33755,,33755,False,FL,300 Venetian Dr,635,,34955548,
636,Wilton,US,6897,2608,06897-2608,False,CT,20 Langner Ln,636,,142862154,
637,colorado springs,US,80907,,80907,True,CO,907 ellston st,637,,148364306,
638,Burnsville,US,55337,,55337,False,MN,400 Valley High Road,638,,4707045,
639,Prospect Heights,US,60070,,60070,False,IL,505 W Marion St,639,,175278398,
640,Washington,US,20016,5138,20016-5138,False,DC,4000 Massachusetts Ave NW Apt 1624,640,,193997417,
641,San Antonio,US,78264,4624,78264-4624,False,TX,3110 Woodfin Dr,641,,9302531,
642,Kill Devil Hills,US,27948,,27948,False,NC,322 Truxton Street,642,,214988438,
643,Aumsville,US,97325,,97325,False,OR,501 Grizzly Street,643,,152647575,
644,San Antonio,US,78250,5923,78250-5923,False,TX,5634 Timber Star,644,,50535731,
645,Brattleboro,US,5301,,5301,False,VT,51 Yorkshire Cir,645,,198526643,
646,Chittenango,US,13037,9518,13037-9518,False,NY,7442 Sandy Hatch Rd,646,,17156122,
647,Buffalo,US,14226,,14226,False,NY,359 Capen Blvd,647,,168985624,
648,Merrick,US,11566,4777,11566-4777,False,NY,262 Bayview Ave,648,,37148360,
649,Ogden,US,84401,1923,84401-1923,False,UT,1343 Swan St,649,,33912445,
650,Gloucester,US,1930,,1930,False,MA,127 Eastern Avenue,650,,200883742,
651,Cincinnati,US,45219,,45219,False,OH,2300 Auburn Ave,651,,204606565,
652,Pitman,US,8071,2437,08071-2437,False,NJ,326 Snyder Ave,652,,16597698,
653,Cordova,US,38016,0573,38016-0573,False,TN,10144 Brussels Ln,653,,,
654,West Bloomfield,US,48322,,48322,False,MI,7418 Village Square Dr,654,,49891655,
655,Toledo,US,98591,,98591,False,WA,401 Collins Road,655,,185211137,
656,Winston-Salem,US,27101,,27101,False,NC,912 Granville Drive Southwest,656,,20724599,
657,San Diego,US,92123,,92123,False,CA,3384 Daley Center Drive,657,,,
658,Fairfax,US,22030,,22030,False,VA,3507 Perry Street,658,,195550827,
659,Big lake,US,55309,,55309,False,MN,544 fair meadows drive,659,,193449703,
660,Trabuco Canyon,US,92679,,92679,False,CA,11 Ravensridge,660,,49006081,
661,Forest Hills,US,11375,3223,11375-3223,False,NY,10330 68th Ave Apt 2E,661,,,
662,Loganville,US,30052,7512,30052-7512,False,GA,1770 Mission Park Ct,662,,25612657,
663,Denham Springs,US,70726,6965,70726-6965,False,LA,11395 Rossow Ct,663,,211379606,
664,Durand,US,48429,,48429,False,MI,705 Vassar Drive,664,,220792159,
665,Cincinnati,US,45206,2661,45206-2661,False,OH,960 Francisco St,665,,,
666,San Jose,US,95111,3289,95111-3289,False,CA,364 Kenbrook Cir,666,,25071197,
667,Baltimore,US,21223,,21223,False,MD,1927 W. Mulberry St,667,,13782762,
668,Irmo,US,29063,9532,29063-9532,False,SC,204 Hope Creek Dr,668,,149180566,
669,Clearwater,US,33764,,33764,False,FL,1920 Seagull Dr,669,,163663717,
670,Charlotte,US,28270,,28270,False,NC,4914 Alexander Valley Drive,670,,,
671,Louisa,US,23093,,23093,False,VA,"3980 Roundabout Rd,",671,,217623765,
672,Purcell,US,73080,2626,73080-2626,False,OK,704 N 2nd Ave,672,,,
673,Commack,US,11725,,11725,False,NY,25 Rensselaer Dr,673,,168950375,
674,New York,US,10007,2559,10007-2559,True,NY,30 Park Pl,674,,253376556,
675,Forked River,US,8731,,8731,False,NJ,110 Pineway Dr,675,,19949899,
676,New Britain,US,6051,3216,06051-3216,False,CT,117 Henry St,676,,1572469,
677,Phoenix,US,85041,,85041,False,AZ,5405 South 19th Avenue,677,,30261164,
678,Tower Lakes,US,60010,1368,60010-1368,False,IL,250 Pebble Creek Dr,678,,31691289,
679,Greenville,US,29615,5055,29615-5055,False,SC,312 Crestmont Way,679,,,
680,Chicago,US,60640,,60640,False,IL,4617 N Dover Unit 3W,680,,31591994,
681,Enterprise,US,36330,0501,36330-0501,False,AL,359 County Road 601,681,,233263913,
682,Livonia,US,48154,5270,48154-5270,False,MI,14040 Woodside St,682,,144771453,
683,Colonia,US,7067,,7067,False,NJ,25 Montrose Ave,683,,204237050,
684,Warren,US,1083,7921,01083-7921,False,MA,225 Maple St,684,,203734635,
685,Minneapolis,US,55403,,55403,False,MN,1414 Laurel Avenue West,685,,,
686,Farmington,US,14425,,14425,False,NY,1146 Fairdale Glen,686,,,
687,Kotzebue,US,99752,,99752,False,AK,436 7th street,687,,,
688,Sparks,US,89431,5418,89431-5418,False,NV,431 Spring Villas Dr,688,,204463727,
689,Chatsworth,US,91311,3144,91311-3144,False,CA,10065 De Soto Ave Unit 305,689,,5163473,
690,Windham,US,4062,5918,04062-5918,False,ME,3 Zylar Dr,690,,,
691,Maspeth,US,11378,3424,11378-3424,False,NY,6257 60th Ave,691,,42715889,
692,Franklin,US,37069,,37069,False,TN,1001 Reese Dr,692,,311748649,
693,Mount Orab,US,45154,8014,45154-8014,False,OH,104 Mill St,693,,230521846,
694,Newport,US,5855,4522,05855-4522,False,VT,1611 Hinman Settler Rd,694,,199202975,
695,Oneonta,US,13820,3719,13820-3719,False,NY,795 Swart Hollow Rd,695,,169624322,
696,Coarsegold,US,93614,,93614,False,CA,50049 Mudge Lane,696,,49136791,
697,Scottsboro,US,35769,9015,35769-9015,False,AL,1442 Columbus City Rd,697,,186219718,
698,Cuero,US,77954,6409,77954-6409,False,TX,347 Lakeside Dr,698,,214807032,
699,San Antonio,US,78232,,78232,False,TX,2331 Bluffridge Street,699,,166913490,
700,Ringgold,US,30736,,30736,False,GA,15 pine street,700,,170892962,
701,Madison,US,35758,7644,35758-7644,False,AL,106 Donash Cir,701,,197338449,
702,Manvel,US,77578,3223,77578-3223,False,TX,3810 Pecan Ct,702,,41702495,
703,Orlando,US,32835,,32835,False,FL,6563 Rosecliff Dr,703,,,
704,Groveport,US,43125,9663,43125-9663,False,OH,5209 Gobel Dr,704,,182063274,
705,Montesano,US,98563,1818,98563-1818,False,WA,622 E Kennaston Ave,705,,185452900,
706,Marion,US,46952,,46952,False,IN,1512 W 3rd St.,706,,215759568,
707,Mccullom Lake,US,60050,,60050,False,IL,5198 W Orchard Dr,707,,32074158,
708,Palomar Mountain,US,92060,,92060,False,CA,33340 Bailey Meadow Road,708,,,
709,Crossroads,US,76227,,76227,False,TX,8925 Stewart Street,709,,28641184,
710,CREVE COEUR,US,61610,,61610,False,IL,408 Scenic Park Dr,710,,32154813,
711,North Hollywood,US,91601,,91601,False,CA,4860 1/2 Tujunga Ave,711,,,
712,Independence,US,41051,9287,41051-9287,False,KY,66 Roselawn Dr,712,,31746787,
713,Heath Springs,US,29058,8957,29058-8957,False,SC,113 East St,713,,145373225,
714,Opelika,US,36804,1857,36804-1857,False,AL,151 Jenkins Rd,714,,215415949,
715,Morrow,US,30260,4143,30260-4143,False,GA,702 Marquis Way,715,,,
716,Saint Michaels,US,21663,2305,21663-2305,False,MD,9245 Deepwater Point Rd,716,,199564334,
717,Austin,US,78737,,78737,False,TX,8616 Whispering Trail,717,,216310282,
718,Ivanhoe,US,24350,3530,24350-3530,False,VA,123 Butterfly Ln,718,,,
719,Aiken,US,29801,,29801,False,SC,261 Pipeline Road,719,,194670562,
720,Macomb,US,48044,,48044,False,MI,48239 Prestwyck Drive,720,,49579097,
721,Garner,US,27529,,27529,False,NC,5013 Lee Drive,721,,,
722,Spokane,US,99205,,99205,False,WA,1207 W Alice Ave,722,,48081311,
723,Emmetsburg,US,50536,1649,50536-1649,False,IA,1507 Main St,723,,,
724,Rochester,US,14623,,14623,False,NY,268 Surrey Hill Way,724,,26649928,
725,Polk City,US,50226,,50226,False,IA,1401 MARINA COVE DR,725,,31144689,
726,Eutawville,US,29048,9190,29048-9190,False,SC,109 Marvin Rd,726,,201616957,
727,Houston,US,77035,2517,77035-2517,False,TX,11631 Landsdowne Dr,727,,34468110,
728,Silver Spring,US,20902,,20902,False,MD,1219 Arcola Ave,728,,38299830,
729,Manteca,US,95337,,95337,False,CA,947 Snowgoose Lane,729,,1200068,
730,Modesto,US,95354,1448,95354-1448,False,CA,306 N Santa Rosa Ave,730,,12459758,
731,Ridgely,US,38080,1611,38080-1611,False,TN,433 Poplar St,731,,53900497,
732,Cabot,US,72023,,72023,False,AR,110 North Summit Drive,732,,199371011,
733,Shreveport,US,71105,2715,71105-2715,False,LA,3215 Knight St Apt 322,733,,213083160,
734,Redondo Beach,US,90278,2606,90278-2606,False,CA,2304 Perkins Ln,734,,,
735,Decatur,US,62521,4664,62521-4664,False,IL,11 Northern Dr,735,,,
736,Nashville,US,37203,1413,37203-1413,False,TN,3100 W End Cir,736,,198327263,
737,Chambersburg,US,17202,9697,17202-9697,False,PA,3667 Sycamore Grove Road,737,,213558102,
738,Orange,US,92869,5443,92869-5443,False,CA,875 S Newhaven Dr,738,,8535676,
739,Plymouth,US,2360,,2360,False,MA,14 Nightingale Road,739,,203533745,
740,Milwaukee,US,53207,5823,53207-5823,False,WI,183 W Armour Ave,740,,194983363,
741,Osceola,US,46561,,46561,False,IN,10560 Brems Ct.,741,,214377466,
742,New Oxford,US,17350,8756,17350-8756,False,PA,57 Hampshire Dr,742,,211205184,
743,Brooklyn,US,11235,2511,11235-2511,True,NY,2432 E 23rd St 2 FLAPT. 2R,743,,169097294,
744,Stockton,US,95203,,95203,False,CA,1325 N. Harrison St.,744,,54481672,
745,Seattle,US,98136,2742,98136-2742,False,WA,9604 Fauntleroy Way SW,745,,18218367,
746,Madison,US,53714,3012,53714-3012,False,WI,710 Bergen St,746,,532245,
747,Jerseyville,US,62052,,62052,False,IL,708 South Prairie Street,747,,176048852,
748,Homestead,US,33032,4630,33032-4630,False,FL,24424 SW 115th Ct,748,,159568714,
749,Crete,US,68333,3361,68333-3361,False,NE,18493 SW 100th St,749,,195049617,
750,Clayton,US,27527,6704,27527-6704,False,NC,200 Gaillardia Way,750,,,
751,Fairborn,US,45324,8798,45324-8798,True,OH,1164 Dickens Dr Apt L,751,,,
752,Chicago,US,60610,2131,60610-2131,False,IL,1350 N Astor St Apt 4A,752,,,
753,Gowen,US,49326,,49326,False,MI,13985 18 mile rd,753,,172766880,
754,Pottstown,US,19464,,19464,False,PA,64 Doe Run Lane,754,,20401831,
755,Cleveland,US,44120,2519,44120-2519,False,OH,16901 Aldersyde Dr,755,,15164503,
756,Columbus,US,43201,1250,43201-1250,False,OH,114 E Lane Ave,756,,,
757,South Boston,US,24592,2220,24592-2220,False,VA,335 Wickham St,757,,,
758,west fargo,US,58078,,58078,False,ND,1701 4th ave East,758,,155198755,
759,Lithonia,US,30038,,30038,False,GA,3736 salem chapel drive,759,,2044867,
760,Park Ridge,US,7656,,7656,True,NJ,144 Midland Avenue,760,,188429367,
761,Dedham,US,2026,2406,02026-2406,False,MA,15 Denmark St,761,,149743562,
762,Seattle,US,98144,,98144,False,WA,140 23rd Ave. S,762,,207440596,
763,Richmond,US,47374,2114,47374-2114,False,IN,66 NW I St,763,,211663898,
764,West Union,US,45693,9511,45693-9511,False,OH,232 Westview Dr,764,,211808531,
765,Guyton,US,31312,,31312,False,GA,107 windchime ct,765,,236604934,
766,South Range,US,54874,,54874,False,WI,6393 E Cutter Rd,766,,52435865,
767,Woodland Hls,US,91364,,91364,False,CA,23220 Cass Ave,767,,27450095,
768,Chicago,US,60647,3619,60647-3619,False,IL,3636 W Dickens Ave,768,,18727259,
769,Carmel,US,46032,,46032,True,IN,1433 W Main St 3g,769,,5285411,
770,Coral Gables,US,33134,1120,33134-1120,False,FL,5300 SW 5th St,770,,40653834,
771,Herndon,US,20171,,20171,False,VA,2606 Armada St,771,,151016642,
772,Fort Walton Beach,US,32547,,32547,True,FL,919 lawton ct,772,,20027350,
773,Brooklyn,US,11233,,11233,False,NY,283 Bainbridge Street,773,,168448557,
774,Glenwood,US,60425,,60425,False,IL,1103 e 194th pl,774,,14646218,
775,Fordoche,US,70732,,70732,False,LA,4354 Park drive,775,,,
776,Klamath Falls,US,97603,7658,97603-7658,False,OR,6311 Onyx Ave,776,,,
777,Henderson,US,89052,,89052,False,NV,1142 Glacier Park Ct,777,,8631869,
778,Rosemead,US,91770,,91770,False,CA,3527 vane ave,778,,51942035,
779,Springfield,US,65807,,65807,False,MO,4120 s hillcrest Ave,779,,188970872,
780,Blythe,US,92225,3379,92225-3379,False,CA,153 Mule Deer Ct,780,,53249381,
781,Metairie,US,70005,3656,70005-3656,False,LA,200 Papworth Ave,781,,200616834,
782,Sayville,US,11782,2601,11782-2601,False,NY,24 Baymens Ct,782,,170319680,
783,Vista,US,92081,5447,92081-5447,False,CA,1807 Olympus Loop Dr,783,,145123835,
784,Huron,US,57350,,57350,False,SD,2416 Prairie Eagle Cr W,784,,,
785,River Oaks,US,76114,2223,76114-2223,False,TX,1421 Lawrence Rd,785,,143724367,
786,Malibu,US,90263,,90263,False,CA,24255 Pacific Coast HWY,786,,154619041,
787,Plant City,US,33566,1213,33566-1213,False,FL,4714 S Dawnmeadow Ct,787,,17279480,
788,Park City,US,84098,4848,84098-4848,False,UT,4065 W Jeremy Woods Dr,788,,,
789,Wyckoff,US,7481,3213,07481-3213,False,NJ,200 Hillcrest Ave,789,,27871313,
790,Miramar,US,33023,6417,33023-6417,False,FL,7921 Fairway Blvd,790,,27099072,
791,Wilmington,US,28411,7982,28411-7982,False,NC,8651 Stephens Church Rd,791,,,
792,Panama City,US,32404,7124,32404-7124,False,FL,1116 E Park St,792,,164171369,
793,Portage,US,46368,4562,46368-4562,False,IN,3064 Cordele St,793,,32142651,
794,Ashland,US,67831,3136,67831-3136,False,KS,2603 CR 13,794,,,
795,Oxnard,US,93030,,93030,False,CA,1700 Montevina Circle # 1410,795,,,
796,Chicago,US,60618,,60618,False,IL,2721 West Melrose Street,796,,45106225,
797,Indianapolis,US,46260,6551,46260-6551,False,IN,2251 Rippling Way Ct,797,,,
798,Ware,US,1082,9775,01082-9775,False,MA,26 Fisherdick Rd,798,,248658594,
799,Glendale,US,85302,5219,85302-5219,False,AZ,8808 N 46th Dr,799,,8608266,
800,El Paso,US,79928,5103,79928-5103,False,TX,12749 Bunyan Way,800,,166892934,
801,Belmont,US,49306,9483,49306-9483,False,MI,6112 Viewpoint Dr NE,801,,172882784,
802,Los Angeles,US,90019,,90019,False,CA,1332 1/2 S Cloverdale Ave,802,,,
803,Celina,US,75009,,75009,False,TX,824 Bretallow Drive,803,,325818851,
804,Charlotte,US,28214,,28214,False,NC,1623 Bitter Creek Drive,804,,14084632,
805,Esparto,US,95627,2158,95627-2158,False,CA,16250 County Road 85B,805,,156299241,
806,Latrobe,US,15650,9580,15650-9580,False,PA,151 Wheaten Way,806,,220193299,
807,Charlotte,US,28203,,28203,False,NC,2008 Atherton Heights Lane,807,,29865170,
808,Seekonk,US,2771,4008,02771-4008,False,MA,99 Pine St,808,,54370981,
809,Des Plaines,US,60016,8403,60016-8403,False,IL,1970 Miner St,809,,174942169,
810,Stratford,US,6614,4908,06614-4908,False,CT,603 California St,810,,194447500,
811,Broomfield,US,80020,2731,80020-2731,False,CO,7830 W 119th Pl,811,,184592855,
812,Mesa,US,85205,7823,85205-7823,False,AZ,108 N GREENFIELD RD,812,,158734280,
813,Shippensburg,US,17257,,17257,False,PA,3 Barry Circle,813,,177833297,
814,Ladson,US,29456,,29456,False,SC,3730 Blackjack Rd,814,,251013590,
815,Covington,US,70433,,70433,False,LA,148 Crepemyrtle Road,815,,42482718,
816,Statesboro,US,30458,2484,30458-2484,False,GA,2057 Hightower Rd,816,,232272036,
817,Los Angeles,US,90038,,90038,False,CA,1210 North Cherokee Avenue,817,,52145563,
818,Leavenworth,US,66048,4478,66048-4478,False,KS,1905 2nd Ave,818,,213716471,
819,Long Beach,US,90815,,90815,False,CA,2301 Termino Ave.,819,,154873091,
820,Manchester,US,40962,6314,40962-6314,False,KY,475 Schoolhouse Branch Rd,820,,,
821,Jackson,US,41339,6518,41339-6518,False,KY,765 Crescent Valley Dr,821,,,
822,Elizabethton,US,37643,5054,37643-5054,True,TN,721 Powder Branch Rd,822,,243222152,
823,Winston Salem,US,27107,,27107,False,NC,326 Troy Landing,823,,38615180,
824,Santa Maria,US,93458,7496,93458-7496,False,CA,933 W Clarence Ct,824,,30621973,
825,GREAT BEND,US,67530,,67530,False,KS,5501 9th st.,825,,,
826,Goshen,US,46526,,46526,False,IN,19800 Bluff Dr,826,,52894503,
827,South Lebanon,US,45065,,45065,False,OH,5125 grants Frederick,827,,324720880,
828,Miami Beach,US,33139,8330,33139-8330,False,FL,1020 Meridian Ave,828,,,
829,New Plymouth,US,45654,8001,45654-8001,True,OH,67109 Woodfield Dr,829,,,
830,Springfield,US,62702,,62702,False,IL,6 Skyview Drive,830,,191443223,
831,Apopka,US,32703,,32703,False,FL,1267 Countrymen Court,831,,,
832,Philadelphia,US,19129,,19129,False,PA,3615 Winona St,832,,7660199,
833,Thomaston,US,30286,5218,30286-5218,False,GA,198 Mathis Lake Rd,833,,,
834,Jersey City,US,7306,7004,07306-7004,False,NJ,232 Freeman Ave,834,,40005917,
835,Chenango Forks,US,13746,,13746,False,NY,192 Sapbush Rd,835,,168749463,
836,Denver,US,80221,,80221,False,CO,4836 Bryant Street,836,,22259280,
837,San Leandro,US,94578,2018,94578-2018,False,CA,1599 Mono Ave,837,,,
838,Meridian,US,39301,8226,39301-8226,False,MS,1319 Highway 19 S,838,,220589831,
839,Elizabethtown,US,42701,7336,42701-7336,False,KY,103 Clair Ct,839,,,
840,Lakeland,US,31635,5635,31635-5635,True,GA,20 Franklin Ave,840,,238385515,
841,Placerville,US,95667,,95667,False,CA,1161 Madrone Ln,841,,49072430,
842,Chicago,US,60643,3416,60643-3416,False,IL,10720 S Wood St,842,,44980839,
843,Baraboo,US,53913,,53913,False,WI,135D Grand Canyon dr,843,,,
844,Frenchtown,US,8825,4207,08825-4207,False,NJ,184 Lower Oak Grove Rd,844,,196095322,
845,Jackson,US,49203,5121,49203-5121,False,MI,4200 Dartmoor Ln,845,,8175383,
846,Duncan,US,73533,1386,73533-1386,False,OK,2303 Mallard,846,,,
847,Ocala,US,34476,,34476,False,FL,8295 SW 77th Ct,847,,160517412,
848,Dobbins,US,95935,9709,95935-9709,False,CA,10176 Marysville Rd,848,,150229638,
849,Eielson Afb,US,99702,1024,99702-1024,False,AK,653 Atlas Loop,849,,,
850,Gresham,US,97030,,97030,False,OR,3181 NE 23rd St,850,,191124091,
851,Sioux Falls,US,57106,7065,57106-7065,False,SD,2301 S Ellis Rd,851,,251617240,
852,Rowlett,US,75088,6083,75088-6083,False,TX,3701 Faulkner Dr,852,,11059091,
853,Littleton,US,80126,5258,80126-5258,True,CO,8955 Goosander Way,853,,12029052,
854,Katy,US,77494,6176,77494-6176,False,TX,24114 Bay Hill Blvd,854,,11599199,
855,Chico,US,95928,6807,95928-6807,False,CA,2 Freda Ct,855,,45971440,
856,Emerson,US,30137,2266,30137-2266,False,GA,491 Puckett Rd SE,856,,,
857,Fort Washington,US,20744,,20744,False,MD,1215 Palmer Road,857,,,
858,Mount Vernon,US,65712,1207,65712-1207,False,MO,545 E Center St,858,,,
859,Orlando,US,32829,8833,32829-8833,False,FL,5881 Cheshire Cove Ter,859,,12771647,
860,Williamston,US,29697,,29697,False,SC,310 Mahaffey Road,860,,200564668,
861,newark,US,7101,,7101,False,NJ,2 federal,861,,,
862,Austin,US,78741,,78741,False,TX,1500 E. Riverside Dr. #404,862,,29935869,
863,Wildwood,US,34785,9364,34785-9364,False,FL,713 Live Oak Ln,863,,,
864,Bossier City,US,71111,,71111,False,LA,423 Long Acre Drive,864,,235961367,
865,Moraga,US,94556,2711,94556-2711,False,CA,1820 Joseph Dr,865,,156543623,
866,Thomson,US,30824,,30824,False,GA,280 Brentwood Drive,866,,4828681,
867,Jacksonville,US,32218,3737,32218-3737,False,FL,11011 Harts Rd,867,,40001277,
868,Charlotte,US,28214,,28214,False,NC,8414 Moores Chapel Rd,868,,176458758,
869,Los Angeles,US,90062,,90062,False,CA,5005cimarrron st,869,,151953089,
870,Los Angeles,US,90028,,90028,False,CA,1540 Vine St Apt 535,870,,30174309,
871,Hurst,US,76053,5719,76053-5719,False,TX,608 Caduceus Ln,871,,47639180,
872,Austin,US,78748,,78748,False,TX,3107 Fort Worth Trail,872,,166363621,
873,Kingman,US,86401,4704,86401-4704,False,AZ,2534 Boulder Ave,873,,29433652,
874,Ferdinand,US,47532,9375,47532-9375,False,IN,2210 Northview Dr,874,,219201393,
875,Linglestown,US,17112,1843,17112-1843,False,PA,6233 Autumn View Dr,875,,206051309,
876,Douglas,US,31533,,31533,False,GA,403 N Manilla Ave,876,,236593954,
877,Scranton,US,18505,1210,18505-1210,False,PA,302 Birch St,877,,178606338,
878,Plantation,US,33317,2272,33317-2272,False,FL,7237 NW 1st Mnr,878,,49475968,
879,Maple Grove,US,55311,,55311,False,MN,7331 Berkshire Way North,879,,202303305,
880,Santa Ana,US,92703,,92703,False,CA,5317 Silver Dr.,880,,148964565,
881,Picayune,US,39466,,39466,False,MS,841 Caesar Road,881,,220700096,
882,Riverside,US,92503,4311,92503-4311,False,CA,3677 Donald Ave,882,,18810864,
883,Ocean Springs,US,39564,,39564,False,MS,2808 North 19th Street,883,,190589547,
884,Montgomery,US,36117,4156,36117-4156,False,AL,2201 Vaughn Lakes Blvd,884,,,
885,Delray Beach,US,33484,,33484,False,FL,15216 Lakes of Delray Boulevard,885,,153482910,
886,Murfreesboro,US,37127,6552,37127-6552,False,TN,702 Laurel Ln,886,,,
887,Chicago,US,60640,2275,60640-2275,False,IL,1357 W Berwyn Ave Apt 1,887,,,
888,Doylestown,US,18902,,18902,False,PA,4581 Landisville Rd,888,,144308674,
889,Brookings,US,97415,0204,97415-0204,False,OR,737 Pioneer Rd,889,,,
890,Denver,US,80122,,80122,False,CO,1770 Chestnut Place,890,,,
891,Arlington,US,22204,2510,22204-2510,False,VA,3400 Columbia Pike,891,,217613493,
892,Nancy,US,42544,8984,42544-8984,False,KY,1539 Highway 761,892,,220573071,
893,Albuquerque,US,87108,2980,87108-2980,False,NM,544 Madeira Dr SE,893,,144397982,
894,Puyallup,US,98374,9500,98374-9500,False,WA,16616 119th Avenue Ct E,894,,185727173,
895,Jamaica,US,11434,5308,11434-5308,False,NY,18004 146th Ave,895,,145968230,
896,Tulare,US,93274,,93274,False,CA,2875 Channel Reef ave,896,,251954225,
897,Chicago,US,60659,4990,60659-4990,False,IL,5841 N Rockwell St,897,,38850784,
898,Kokomo,US,46901,7711,46901-7711,False,IN,2657 Wynterpointe Ct,898,,29907564,
899,Antioch,US,94509,6926,94509-6926,False,CA,408 Bluerock Dr,899,,156519914,
900,Concord,US,3301,,3301,False,NH,7 Celtic Street,900,,16395215,
901,Swansboro,US,28584,8833,28584-8833,False,NC,300 Lighthouse Ln,901,,215420633,
902,Ogden,US,84404,,84404,False,UT,745 north Jackson Avenue,902,,222338592,
903,Largo,US,33771,,33771,False,FL,4905 Imperial Palm Drive,903,,,
904,Clermont,US,34711,,34711,False,FL,1414 10th St,904,,163151395,
905,Colorado Springs,US,80907,,80907,False,CO,1225 Cumberland Street,905,,184377121,
906,Burton,US,48519,1620,48519-1620,False,MI,3152 S Belsay Rd,906,,172773213,
907,Shirley,US,11967,,11967,False,NY,36 Crestwood Dr,907,,45640344,
908,Granite Falls,US,28630,8143,28630-8143,False,NC,4596 Burns Rd,908,,176654574,
909,Norman,US,73071,,73071,False,OK,1508 Creekside Dr,909,,54588924,
910,Gilroy,US,95020,3406,95020-3406,False,CA,711 Vinca Ct,910,,19564588,
911,Aurora,US,60505,5612,60505-5612,False,IL,1114 Pearl St,911,,3265805,
912,Watkins Glen,US,14891,,14891,True,NY,1354 Wollock Rd,912,,170053890,
913,Kingsville,US,78363,4648,78363-4648,False,TX,802 E Henrietta Ave,913,,212965780,
914,Austin,US,78702,,78702,False,TX,2601 Francisco Street,914,,326360621,
915,Frederick,US,21703,8431,21703-8431,False,MD,910 Walnut St,915,,8288031,
916,Menomonee Falls,US,53051,,53051,False,WI,N82W15837 Apple Valley Drive,916,,,
917,Somersworth,US,3878,2763,03878-2763,False,NH,35 Prospect St,917,,,
918,Springfield,US,62703,4463,62703-4463,False,IL,2405 Wembly Rd,918,,207924658,
919,Ontario,US,91761,,91761,False,CA,928 E. Cottonwood St.,919,,51155806,
920,Dallas,US,75218,1314,75218-1314,True,TX,11372 Carissa Dr,920,,27623872,
921,Bainbridge,US,39819,4797,39819-4797,False,GA,1230 Lake Douglas Rd,921,,237776439,
922,Douglas,US,31533,,31533,False,GA,1004 South Coffee Ave,922,,236594412,
923,Albion,US,49224,9197,49224-9197,False,MI,5195 Callahan Rd,923,,172413959,
924,Fort Lee,US,7024,,7024,False,NJ,1028 Bergen Blvd,924,,37591411,
925,Bayville,US,11709,1109,11709-1109,False,NY,9 Oak Point Dr S,925,,169369283,
926,New York,US,10034,2923,10034-2923,False,NY,20 Seaman Ave,926,,169593520,
927,Boston,US,2126,,2126,False,MA,24 Mildred Ave,927,,196929172,
928,Mount Arlington,US,7856,1125,07856-1125,False,NJ,4 Windemere Ave,928,,33655145,
929,Denver,US,80220,,80220,False,CO,1520 Grape St. Apt. 1,929,,184289062,
930,Westminster,US,92683,2430,92683-2430,False,CA,5571 Norma Dr,930,,158199155,
931,Glendale,US,91205,,91205,False,CA,424 S Verdugo Rd Apt 4,931,,154789196,
932,Chicago,US,60652,3263,60652-3263,False,IL,3744 W 84th St,932,,12109272,
933,Surprise,US,85387,1133,85387-1133,False,AZ,17509 W Pinnacle Vista Dr,933,,230364936,
934,Dublin,US,43017,,43017,False,OH,6940 Mesquite Ct,934,,183040113,
935,Bethesda,US,20817,2905,20817-2905,True,MD,8624 Beech Tree Rd,935,,50026175,
936,Los Angeles,US,90019,4393,90019-4393,True,CA,1327 Crenshaw Blvd,936,,,
937,Macon,US,31210,,31210,False,GA,137 Ashford Pk,937,,210887057,
938,Munford,US,38058,6014,38058-6014,False,TN,432 Giltedge Rd,938,,53244822,
939,Middletown,US,2842,,2842,False,RI,11 Granada Terrace,939,,153977589,
940,Bluffton,US,29910,5949,29910-5949,False,SC,73 Baywood Dr,940,,3148554,
941,Saint Charles,US,63301,,63301,False,MO,1913 Park Avenue,941,,196477791,
942,Atlanta,US,30318,2737,30318-2737,False,GA,1950 Howell Mill Rd NW,942,,249918190,
943,New port richey,US,34654,,34654,False,FL,7919 landsdowne lane,943,,29456687,
944,Grafton,US,1519,1103,01519-1103,False,MA,20 South St,944,,,
945,Steamboat Springs,US,80477,,80477,False,CO,box 771997,945,,,
946,Summerville,US,29485,8787,29485-8787,False,SC,5368 Copley Cir,946,,36197376,
947,Homestead,US,33032,3209,33032-3209,False,FL,13808 SW 276th St,947,,1261230,
948,Westminster,US,80031,,80031,False,CO,3302 West 109th Circle,948,,46173845,
949,Bluemont,US,20135,,20135,False,VA,33988 Austin Grove Rd.,949,,186862022,
950,New Iberia,US,70560,4871,70560-4871,False,LA,Magnolia Place 1001 E Dale St Apt 811,950,,215705729,
951,Newcastle,US,98059,,98059,False,WA,6736 132nd Pl SE,951,,,
952,St. Peters,US,63376,,63376,False,MO,20 Olendorf Avenue,952,,16918660,
953,Hardy,US,24101,,24101,False,VA,13214 Hardy Road,953,,214098143,
954,Bristow,US,20136,,20136,False,VA,9251 Dawkins Crest Circle,954,,249371739,
955,Baton Rouge,US,70816,1379,70816-1379,False,LA,15241 Schafer Ave,955,,148521728,
956,Cameron,US,28326,,28326,False,NC,354 Gilchrist Rd. Cameron N.C.,956,,,
957,Elizabeth,US,61028,,61028,False,IL,219 N Ash Street,957,,,
958,Paterson,US,7502,1753,07502-1753,False,NJ,173 Sherman Ave,958,,198991581,
959,Valley Village,US,91607,4347,91607-4347,False,CA,12311 Chandler Blvd,959,,40278978,
960,Hamilton,US,45011,4608,45011-4608,False,OH,1610 Parkamo Ave,960,,182243657,
961,Avella,US,15312,,15312,False,PA,8 Campbell Drive,961,,179193786,
962,Charlotte,US,28273,6739,28273-6739,False,NC,2223 Preakness Ct,962,,8471180,
963,Rockaway Beach,US,11693,1323,11693-1323,False,NY,179 Beach 97th St,963,,48744539,
964,Accokeek,US,20607,,20607,False,MD,13712 Port Commerce Court,964,,200681226,
965,Southfield,US,48075,3623,48075-3623,False,MI,23105 Providence Dr,965,,172392533,
966,Glendale,US,85306,4150,85306-4150,False,AZ,14422 N 62nd Ave,966,,146221229,
967,Richmond,US,24235,,24235,False,VA,2815 Poyntelle Road,967,,200041130,
968,Port Washington,US,11050,,11050,False,NY,7 Longview Rd,968,,169328904,
969,Corona,US,92880,,92880,False,CA,418 North Main Street,969,,323546836,
970,Seattle,US,98103,,98103,False,WA,3612 Palatine AVE N,970,,185439325,
971,Beresford,US,57004,2200,57004-2200,False,SD,400 E Maple St,971,,,
972,New York,US,10026,,10026,False,NY,240 W. 111th St,972,,170537698,
973,Oklahoma City,US,73142,,73142,False,OK,13331 N. MacArthur Blvd,973,,250986754,
974,Ulysses,US,67880,1955,67880-1955,False,KS,521 N Durham St,974,,,
975,Youngstown,US,44514,5349,44514-5349,True,OH,4010 Via Cassia,975,,46824478,
976,Collegeville,US,19426,3441,19426-3441,False,PA,57 Dorchester Rd,976,,178767254,
977,Rosamond,US,93560,6189,93560-6189,False,CA,1838 Center St,977,,,
978,Salem,US,97305,9598,97305-9598,False,OR,6625 Lakeside Dr NE,978,,193352266,
979,Marrero,US,70072,,70072,False,LA,4504 Bayou Des Familles Drive,979,,1590162,
980,Atlanta,US,30354,1265,30354-1265,False,GA,441 Lake Dr,980,,43310319,
981,Charleston,US,29414,6154,29414-6154,False,SC,2106 Coffey Ct,981,,33436936,
982,Langley,US,74350,,74350,False,OK,188 S Hwy 82a,982,,,
983,Spring Hill,US,66083,,66083,False,KS,21602 South Main Street,983,,,
984,Budd Lake,US,7828,3702,07828-3702,False,NJ,A Hensyn Vlg,984,,,
985,Redford,US,48240,1803,48240-1803,False,MI,18454 Beech Daly Rd,985,,7657943,
986,Winston Salem,US,27106,,27106,False,NC,2970 carriage dr,986,,176557873,
987,Sparta,US,38583,6556,38583-6556,False,TN,830 Browntown Rd,987,,47492389,
988,Elizabeth,US,61028,9103,61028-9103,False,IL,219 N Ash St,988,,,
989,Apopka,US,32712,,32712,False,FL,779 Daisy Hill Ct,989,,208633563,
990,Minneapolis,US,55419,,55419,False,MN,4623 Humboldt Ave. S.,990,,195595050,
991,Rochester,US,46975,,46975,False,IN,217 West 8th Street,991,,209686971,
992,NACOGDOCHES,US,75965,,75965,False,TX,4541 NE STALLINGS DR,992,,215287004,
993,McKeesport,US,15132,,15132,False,PA,42 Crawford Village,993,,,
994,Toms River,US,8757,1840,08757-1840,False,NJ,924 12th Ave,994,,19816962,
995,San Antonio,US,78251,4969,78251-4969,False,TX,9414 Wind Dancer,995,,27754926,
996,albany,US,12208,,12208,True,NY,20 avenue b,996,,168493247,
997,Staten Island,US,10314,,10314,False,NY,4 Mulberry Ave,997,,36828610,
998,Patterson,US,95363,8601,95363-8601,False,CA,9340 Foxy Ct,998,,9722873,
999,La Salle,US,80645,4408,80645-4408,True,CO,24707 County Road 41,999,,140875269,
